Timestamp,Data Size (bytes),CPU Usage (%),Memory Usage (%),Steps
1717485287.6608033,154,91.6,47.8,OCC_TO_CU
1717485287.6668346,241,100.0,47.8,CU_TO_DEV
1717485287.666897,241,100.0,47.8,CU_TO_DEV
1717485287.8883913,154,39.8,48.9,OCC_TO_CU
1717485287.894889,154,0.0,49.0,OCC_TO_CU
1717485297.905718,322,6.0,46.6,OCC_TO_CU
1717485297.9113257,322,0.0,46.6,OCC_TO_CU
1717485298.0756903,273,10.8,46.7,CU_TO_DEV
1717485298.0798793,273,0.0,46.7,CU_TO_DEV
1717485307.9676702,322,3.9,46.3,OCC_TO_CU
1717485307.9684181,322,0.0,46.3,OCC_TO_CU
1717485308.085455,273,13.0,46.4,CU_TO_DEV
1717485308.085395,273,13.0,46.4,CU_TO_DEV
1717485317.9352493,322,3.7,46.1,OCC_TO_CU
1717485317.9363933,322,0.0,46.1,OCC_TO_CU
1717485318.0914686,273,14.1,46.2,CU_TO_DEV
1717485318.0912635,273,14.1,46.2,CU_TO_DEV
1717485327.9383929,322,3.7,46.3,OCC_TO_CU
1717485327.9395149,322,0.0,46.3,OCC_TO_CU
1717485328.097939,273,12.5,46.4,CU_TO_DEV
1717485328.0978978,273,12.5,46.4,CU_TO_DEV
1717485337.9609528,322,4.3,46.2,OCC_TO_CU
1717485337.9620097,322,0.0,46.2,OCC_TO_CU
1717485338.1036007,273,15.5,46.3,CU_TO_DEV
1717485338.1039238,273,0.0,46.3,CU_TO_DEV
1717485347.9512072,322,6.1,45.4,OCC_TO_CU
1717485347.9519827,322,0.0,45.4,OCC_TO_CU
1717485348.109194,273,11.1,45.5,CU_TO_DEV
1717485348.109432,273,0.0,45.5,CU_TO_DEV
1717485357.979895,322,3.6,45.5,OCC_TO_CU
1717485357.981061,322,100.0,45.5,OCC_TO_CU
1717485358.1146815,273,9.8,45.6,CU_TO_DEV
1717485358.115195,273,0.0,45.6,CU_TO_DEV
1717485367.9805238,322,3.7,45.5,OCC_TO_CU
1717485367.9812672,322,100.0,45.5,OCC_TO_CU
1717485368.1219242,273,10.9,45.6,CU_TO_DEV
1717485368.122098,273,10.9,45.6,CU_TO_DEV
1717485377.9810305,322,3.8,45.5,OCC_TO_CU
1717485377.9831138,322,0.0,45.5,OCC_TO_CU
1717485378.1284738,273,10.5,45.6,CU_TO_DEV
1717485378.1282,273,10.5,45.6,CU_TO_DEV
1717485388.0154974,322,4.5,45.5,OCC_TO_CU
1717485388.016643,322,100.0,45.5,OCC_TO_CU
1717485388.133732,273,12.8,45.5,CU_TO_DEV
1717485388.134131,273,0.0,45.5,CU_TO_DEV
1717485398.0243342,322,3.6,45.5,OCC_TO_CU
1717485398.025146,322,0.0,45.5,OCC_TO_CU
1717485398.138571,273,13.6,45.6,CU_TO_DEV
1717485398.1388483,273,0.0,45.6,CU_TO_DEV
1717485408.031386,322,3.7,45.6,OCC_TO_CU
1717485408.0322618,322,0.0,45.6,OCC_TO_CU
1717485408.144988,273,17.4,45.7,CU_TO_DEV
1717485408.1456137,273,0.0,45.7,CU_TO_DEV
1717485418.0450456,322,4.2,45.5,OCC_TO_CU
1717485418.046359,322,0.0,45.5,OCC_TO_CU
1717485418.150625,273,15.0,45.6,CU_TO_DEV
1717485418.1535635,273,0.0,45.6,CU_TO_DEV
1717485428.0772626,322,3.4,45.6,OCC_TO_CU
1717485428.0780034,322,0.0,45.6,OCC_TO_CU
1717485428.1558151,273,22.6,45.7,CU_TO_DEV
1717485428.1591444,273,0.0,45.7,CU_TO_DEV
1717485438.2147563,322,4.9,45.5,OCC_TO_CU
1717485438.2169085,322,0.0,45.5,OCC_TO_CU
1717485438.4015677,273,58.1,45.5,CU_TO_DEV
1717485438.4060118,273,0.0,45.5,CU_TO_DEV
1717485448.3130233,322,4.4,45.3,OCC_TO_CU
1717485448.3138099,322,0.0,45.3,OCC_TO_CU
1717485448.4226685,273,11.6,45.4,CU_TO_DEV
1717485448.439168,273,37.5,45.4,CU_TO_DEV
1717485458.3677883,322,3.4,45.4,OCC_TO_CU
1717485458.3709416,322,0.0,45.4,OCC_TO_CU
1717485458.434581,273,26.9,45.5,CU_TO_DEV
1717485458.4504938,273,33.3,45.5,CU_TO_DEV
1717485468.404978,322,3.6,45.4,OCC_TO_CU
1717485468.4057276,322,0.0,45.4,OCC_TO_CU
1717485468.4425812,273,35.7,45.5,CU_TO_DEV
1717485468.4606197,273,42.9,45.6,CU_TO_DEV
1717485478.4220674,322,4.5,45.4,OCC_TO_CU
1717485478.4228377,322,0.0,45.4,OCC_TO_CU
1717485478.4514573,273,46.2,45.5,CU_TO_DEV
1717485478.4738898,273,50.0,45.6,CU_TO_DEV
1717485488.435784,322,3.4,45.4,OCC_TO_CU
1717485488.4365888,322,100.0,45.4,OCC_TO_CU
1717485488.4578307,273,42.9,45.5,CU_TO_DEV
1717485488.480962,273,54.5,45.5,CU_TO_DEV
1717485498.4683905,322,3.6,45.5,OCC_TO_CU
1717485498.4690518,322,100.0,45.5,OCC_TO_CU
1717485498.4859807,273,50.0,45.5,CU_TO_DEV
1717485498.6658154,273,15.3,45.6,CU_TO_DEV
1717485508.4854953,322,4.1,45.4,OCC_TO_CU
1717485508.4862108,322,0.0,45.4,OCC_TO_CU
1717485508.4910727,273,0.0,45.4,CU_TO_DEV
1717485508.6719518,273,18.1,45.5,CU_TO_DEV
1717485518.522552,322,3.3,45.5,OCC_TO_CU
1717485518.5233274,322,0.0,45.5,OCC_TO_CU
1717485518.6791027,273,14.8,45.6,CU_TO_DEV
1717485518.696912,273,37.5,45.6,CU_TO_DEV
1717485528.5229032,322,4.1,45.6,OCC_TO_CU
1717485528.523424,322,0.0,45.6,OCC_TO_CU
1717485528.6849458,273,10.9,45.7,CU_TO_DEV
1717485528.7025979,273,28.6,45.7,CU_TO_DEV
1717485538.534265,322,3.5,45.6,OCC_TO_CU
1717485538.5349538,322,0.0,45.6,OCC_TO_CU
1717485538.6892843,273,14.8,45.7,CU_TO_DEV
1717485538.7071474,273,28.6,45.7,CU_TO_DEV
1717485548.5311267,322,3.6,45.7,OCC_TO_CU
1717485548.5348969,322,0.0,45.7,OCC_TO_CU
1717485548.693467,273,16.9,45.7,CU_TO_DEV
1717485548.7126024,273,16.7,45.7,CU_TO_DEV
1717485558.5348155,322,4.3,45.5,OCC_TO_CU
1717485558.5360835,322,0.0,45.5,OCC_TO_CU
1717485558.6978948,273,15.4,45.6,CU_TO_DEV
1717485558.7168994,273,44.4,45.6,CU_TO_DEV
1717485568.5724165,322,4.3,45.5,OCC_TO_CU
1717485568.5755126,322,50.0,45.5,OCC_TO_CU
1717485568.7029383,273,21.2,45.5,CU_TO_DEV
1717485568.7213013,273,28.6,45.5,CU_TO_DEV
1717485578.5629532,322,4.6,45.5,OCC_TO_CU
1717485578.5744507,322,25.0,45.5,OCC_TO_CU
1717485578.7087955,273,24.1,45.6,CU_TO_DEV
1717485578.7278047,273,50.0,45.6,CU_TO_DEV
1717485588.588935,322,4.3,45.4,OCC_TO_CU
1717485588.5900197,322,0.0,45.4,OCC_TO_CU
1717485588.7139287,273,14.3,45.6,CU_TO_DEV
1717485588.7321239,273,28.6,45.6,CU_TO_DEV
1717485598.5880609,322,3.3,45.5,OCC_TO_CU
1717485598.5888536,322,50.0,45.5,OCC_TO_CU
1717485598.7192101,273,14.3,45.6,CU_TO_DEV
1717485598.7376993,273,28.6,45.6,CU_TO_DEV
1717485608.6077368,322,3.4,45.6,OCC_TO_CU
1717485608.6084962,322,0.0,45.6,OCC_TO_CU
1717485608.7247157,273,23.4,45.6,CU_TO_DEV
1717485608.743021,273,37.5,45.6,CU_TO_DEV
1717485618.6346989,322,3.4,45.6,OCC_TO_CU
1717485618.6353464,322,0.0,45.6,OCC_TO_CU
1717485618.7301455,273,24.3,45.7,CU_TO_DEV
1717485618.7488086,273,37.5,45.7,CU_TO_DEV
1717485628.6357532,322,4.2,45.5,OCC_TO_CU
1717485628.63646,322,0.0,45.5,OCC_TO_CU
1717485628.736923,273,24.4,45.6,CU_TO_DEV
1717485628.7575755,273,33.3,45.6,CU_TO_DEV
1717485638.6769652,322,3.3,45.6,OCC_TO_CU
1717485638.6790745,322,0.0,45.6,OCC_TO_CU
1717485638.743932,273,38.5,45.7,CU_TO_DEV
1717485638.7625134,273,28.6,45.7,CU_TO_DEV
1717485648.664671,322,3.2,45.7,OCC_TO_CU
1717485648.6747174,322,33.3,45.7,OCC_TO_CU
1717485648.749794,273,54.8,45.8,CU_TO_DEV
1717485648.7684186,273,37.5,45.8,CU_TO_DEV
1717485658.6815298,322,3.6,45.7,OCC_TO_CU
1717485658.6824129,322,0.0,45.7,OCC_TO_CU
1717485658.7576325,273,83.9,45.8,CU_TO_DEV
1717485658.7751777,273,100.0,45.8,CU_TO_DEV
1717485668.7087877,322,5.9,45.5,OCC_TO_CU
1717485668.7093477,322,0.0,45.5,OCC_TO_CU
1717485668.7696013,273,31.8,45.6,CU_TO_DEV
1717485668.7804859,273,20.0,45.6,CU_TO_DEV
1717485678.7193973,322,3.1,45.5,OCC_TO_CU
1717485678.7200384,322,0.0,45.5,OCC_TO_CU
1717485678.7747076,273,45.5,45.6,CU_TO_DEV
1717485678.7842722,273,25.0,45.6,CU_TO_DEV
1717485688.7181306,322,3.4,45.5,OCC_TO_CU
1717485688.719241,322,0.0,45.5,OCC_TO_CU
1717485688.7791584,273,44.0,45.7,CU_TO_DEV
1717485688.788418,273,50.0,45.7,CU_TO_DEV
1717485698.7272756,322,3.6,45.6,OCC_TO_CU
1717485698.7280786,322,0.0,45.6,OCC_TO_CU
1717485698.7865303,273,90.9,45.7,CU_TO_DEV
1717485698.7948601,273,100.0,45.7,CU_TO_DEV
1717485708.7424965,322,3.9,45.6,OCC_TO_CU
1717485708.7436545,322,0.0,45.6,OCC_TO_CU
1717485708.7998147,273,38.1,45.7,CU_TO_DEV
1717485708.800475,273,0.0,45.7,CU_TO_DEV
1717485718.7572107,322,4.5,45.5,OCC_TO_CU
1717485718.7590163,322,0.0,45.5,OCC_TO_CU
1717485718.8056846,273,41.2,45.6,CU_TO_DEV
1717485718.8057497,273,41.2,45.6,CU_TO_DEV
1717485728.7641237,322,3.4,45.6,OCC_TO_CU
1717485728.7674763,322,50.0,45.6,OCC_TO_CU
1717485728.8114407,273,57.9,45.6,CU_TO_DEV
1717485728.8115008,273,57.9,45.6,CU_TO_DEV
1717485738.7748787,322,3.6,45.6,OCC_TO_CU
1717485738.7761915,322,0.0,45.6,OCC_TO_CU
1717485738.8174238,273,40.0,45.7,CU_TO_DEV
1717485738.8184116,273,0.0,45.7,CU_TO_DEV
1717485748.7884514,322,3.4,45.7,OCC_TO_CU
1717485748.7917018,322,100.0,45.7,OCC_TO_CU
1717485748.8231392,273,46.2,45.8,CU_TO_DEV
1717485748.823806,273,46.2,45.8,CU_TO_DEV
1717485758.8214817,322,4.3,45.6,OCC_TO_CU
1717485758.8262618,322,0.0,45.6,OCC_TO_CU
1717485758.832852,273,100.0,45.6,CU_TO_DEV
1717485758.834617,273,0.0,45.6,CU_TO_DEV
1717485768.8424482,322,5.1,45.5,OCC_TO_CU
1717485768.8430512,322,0.0,45.5,OCC_TO_CU
1717485768.8434103,273,0.0,45.5,CU_TO_DEV
1717485769.0405934,273,7.8,45.6,CU_TO_DEV
1717485769.0438519,273,33.3,45.6,CU_TO_DEV
1717485778.8327937,322,3.2,45.5,OCC_TO_CU
1717485778.8359141,322,0.0,45.5,OCC_TO_CU
1717485778.8460371,273,75.0,45.5,CU_TO_DEV
1717485778.8489199,273,100.0,45.5,CU_TO_DEV
1717485788.861105,322,3.8,45.6,OCC_TO_CU
1717485788.8624103,322,0.0,45.6,OCC_TO_CU
1717485789.0538723,273,10.3,45.7,CU_TO_DEV
1717485789.0568817,273,0.0,45.7,CU_TO_DEV
1717485798.8589454,322,3.8,45.6,OCC_TO_CU
1717485798.861412,273,50.0,45.6,CU_TO_DEV
1717485798.8634493,322,0.0,45.6,OCC_TO_CU
1717485799.0598776,273,19.0,45.7,CU_TO_DEV
1717485799.062179,273,0.0,45.7,CU_TO_DEV
1717485808.879318,322,4.9,45.6,OCC_TO_CU
1717485808.879989,322,0.0,45.6,OCC_TO_CU
1717485809.0662792,273,9.2,45.7,CU_TO_DEV
1717485809.0698147,273,0.0,45.7,CU_TO_DEV
1717485818.898555,322,3.6,45.6,OCC_TO_CU
1717485818.899431,322,0.0,45.6,OCC_TO_CU
1717485819.0721831,273,8.8,45.7,CU_TO_DEV
1717485819.0749316,273,0.0,45.7,CU_TO_DEV
1717485828.9194782,322,3.5,45.7,OCC_TO_CU
1717485828.9679923,322,84.2,45.7,OCC_TO_CU
1717485829.0784411,273,70.5,45.7,CU_TO_DEV
1717485829.0805893,273,0.0,45.7,CU_TO_DEV
1717485838.9299755,322,4.1,45.5,OCC_TO_CU
1717485838.9313047,322,0.0,45.5,OCC_TO_CU
1717485839.0858083,273,5.1,45.6,CU_TO_DEV
1717485839.0858414,273,5.1,45.6,CU_TO_DEV
1717485848.9393682,322,3.8,45.6,OCC_TO_CU
1717485848.9426794,322,0.0,45.6,OCC_TO_CU
1717485849.0920234,273,10.2,45.7,CU_TO_DEV
1717485849.0919757,273,10.2,45.7,CU_TO_DEV
1717485858.963545,322,4.6,45.5,OCC_TO_CU
1717485858.9642746,322,0.0,45.5,OCC_TO_CU
1717485859.1005788,273,14.3,45.7,CU_TO_DEV
1717485859.1044512,273,0.0,45.7,CU_TO_DEV
1717485868.9780688,322,4.1,45.6,OCC_TO_CU
1717485868.9791713,322,0.0,45.6,OCC_TO_CU
1717485869.107314,273,90.0,45.6,CU_TO_DEV
1717485869.111619,273,66.7,45.6,CU_TO_DEV
1717485878.9947183,322,3.4,45.5,OCC_TO_CU
1717485878.9954588,322,0.0,45.5,OCC_TO_CU
1717485879.1133685,273,16.7,45.6,CU_TO_DEV
1717485879.1192331,273,0.0,45.6,CU_TO_DEV
1717485889.0028596,322,3.7,45.6,OCC_TO_CU
1717485889.0036583,322,0.0,45.6,OCC_TO_CU
1717485889.120429,273,18.8,45.7,CU_TO_DEV
1717485889.125784,273,33.3,45.7,CU_TO_DEV
1717485899.0154335,322,3.8,45.6,OCC_TO_CU
1717485899.016107,322,0.0,45.6,OCC_TO_CU
1717485899.1265311,273,14.0,45.7,CU_TO_DEV
1717485899.1330907,273,0.0,45.7,CU_TO_DEV
1717485909.024257,322,4.4,45.6,OCC_TO_CU
1717485909.0449133,322,37.5,45.6,OCC_TO_CU
1717485909.1316793,273,24.2,45.7,CU_TO_DEV
1717485909.1395562,273,0.0,45.7,CU_TO_DEV
1717485919.039791,322,3.8,45.7,OCC_TO_CU
1717485919.041436,322,50.0,45.7,OCC_TO_CU
1717485919.1410234,273,92.3,45.8,CU_TO_DEV
1717485919.1494067,273,100.0,45.7,CU_TO_DEV
1717485929.0405295,322,3.2,45.6,OCC_TO_CU
1717485929.0416489,322,100.0,45.6,OCC_TO_CU
1717485929.1455152,273,14.6,45.7,CU_TO_DEV
1717485929.1562757,273,25.0,45.7,CU_TO_DEV
1717485939.0369232,322,3.6,45.6,OCC_TO_CU
1717485939.0375514,322,0.0,45.6,OCC_TO_CU
1717485939.150055,273,13.6,45.7,CU_TO_DEV
1717485939.1603994,273,0.0,45.7,CU_TO_DEV
1717485949.046131,322,4.7,45.6,OCC_TO_CU
1717485949.0475216,322,0.0,45.6,OCC_TO_CU
1717485949.1576858,273,15.9,45.8,CU_TO_DEV
1717485949.1696277,273,20.0,45.8,CU_TO_DEV
1717485959.0693913,322,3.9,45.6,OCC_TO_CU
1717485959.069924,322,0.0,45.6,OCC_TO_CU
1717485959.1655743,273,13.2,45.7,CU_TO_DEV
1717485959.1775966,273,25.0,45.7,CU_TO_DEV
1717485969.0808184,322,3.5,45.6,OCC_TO_CU
1717485969.0976577,322,50.0,45.6,OCC_TO_CU
1717485969.1729324,273,31.0,45.7,CU_TO_DEV
1717485969.181645,273,25.0,45.7,CU_TO_DEV
1717485979.0957074,322,5.4,45.7,OCC_TO_CU
1717485979.0964649,322,0.0,45.7,OCC_TO_CU
1717485979.1787708,273,41.7,45.9,CU_TO_DEV
1717485979.1889088,273,50.0,45.9,CU_TO_DEV
1717485989.094278,322,3.2,45.6,OCC_TO_CU
1717485989.095156,322,0.0,45.6,OCC_TO_CU
1717485989.183966,273,14.7,45.7,CU_TO_DEV
1717485989.193686,273,25.0,45.7,CU_TO_DEV
1717485999.0976493,322,4.5,45.6,OCC_TO_CU
1717485999.0982761,322,0.0,45.6,OCC_TO_CU
1717485999.1949394,273,17.9,45.6,CU_TO_DEV
1717485999.2033095,273,33.3,45.6,CU_TO_DEV
1717486009.1193879,322,3.9,45.5,OCC_TO_CU
1717486009.12006,322,0.0,45.5,OCC_TO_CU
1717486009.2024658,273,23.5,45.6,CU_TO_DEV
1717486009.2097921,273,50.0,45.6,CU_TO_DEV
1717486019.1144755,322,3.7,45.5,OCC_TO_CU
1717486019.1155603,322,0.0,45.5,OCC_TO_CU
1717486019.207502,273,13.9,45.6,CU_TO_DEV
1717486019.2169747,273,25.0,45.6,CU_TO_DEV
1717486029.1738672,322,3.6,45.6,OCC_TO_CU
1717486029.1866217,322,33.3,45.6,OCC_TO_CU
1717486029.2127798,273,60.0,45.7,CU_TO_DEV
1717486029.2220564,273,75.0,45.7,CU_TO_DEV
1717486039.1698472,322,3.3,45.7,OCC_TO_CU
1717486039.1707306,322,0.0,45.7,OCC_TO_CU
1717486039.2200148,273,26.3,45.7,CU_TO_DEV
1717486039.2273698,273,0.0,45.7,CU_TO_DEV
1717486049.1608934,322,4.3,45.6,OCC_TO_CU
1717486049.1617312,322,0.0,45.6,OCC_TO_CU
1717486049.2251914,273,17.4,45.7,CU_TO_DEV
1717486049.2344398,273,33.3,45.7,CU_TO_DEV
1717486059.1758447,322,3.5,45.7,OCC_TO_CU
1717486059.1766796,322,100.0,45.7,OCC_TO_CU
1717486059.2310631,273,30.4,45.8,CU_TO_DEV
1717486059.2390742,273,0.0,45.8,CU_TO_DEV
1717486069.193486,322,3.5,45.7,OCC_TO_CU
1717486069.1940951,322,0.0,45.7,OCC_TO_CU
1717486069.2364264,273,25.0,45.8,CU_TO_DEV
1717486069.2436862,273,0.0,45.8,CU_TO_DEV
1717486079.229468,322,4.1,45.5,OCC_TO_CU
1717486079.230134,322,0.0,45.5,OCC_TO_CU
1717486079.2429247,273,75.0,45.5,CU_TO_DEV
1717486079.252065,273,100.0,45.6,CU_TO_DEV
1717486089.2059758,322,5.9,45.4,OCC_TO_CU
1717486089.206504,322,0.0,45.4,OCC_TO_CU
1717486089.2563586,273,16.7,45.5,CU_TO_DEV
1717486089.2616105,273,33.3,45.5,CU_TO_DEV
1717486099.2269173,322,3.6,45.4,OCC_TO_CU
1717486099.2277946,322,0.0,45.4,OCC_TO_CU
1717486099.2615411,273,30.8,45.5,CU_TO_DEV
1717486099.2668846,273,0.0,45.5,CU_TO_DEV
1717486109.2395537,322,3.7,45.5,OCC_TO_CU
1717486109.2416246,322,0.0,45.5,OCC_TO_CU
1717486109.2676678,273,40.0,45.6,CU_TO_DEV
1717486109.2733195,273,66.7,45.6,CU_TO_DEV
1717486119.2548327,322,3.5,45.5,OCC_TO_CU
1717486119.255381,322,0.0,45.5,OCC_TO_CU
1717486119.274439,273,60.0,45.6,CU_TO_DEV
1717486119.2797976,273,0.0,45.6,CU_TO_DEV
1717486129.2759202,322,3.7,45.6,OCC_TO_CU
1717486129.2765741,322,0.0,45.6,OCC_TO_CU
1717486129.280899,273,66.7,45.6,CU_TO_DEV
1717486129.286522,273,0.0,45.6,CU_TO_DEV
1717486139.3419247,322,4.7,45.6,OCC_TO_CU
1717486139.3424466,322,0.0,45.6,OCC_TO_CU
1717486139.4908578,273,7.0,45.7,CU_TO_DEV
1717486139.4949236,273,0.0,45.7,CU_TO_DEV
1717486149.3356726,322,3.5,45.6,OCC_TO_CU
1717486149.3364801,322,0.0,45.6,OCC_TO_CU
1717486149.4967964,273,10.9,45.7,CU_TO_DEV
1717486149.5001507,273,0.0,45.7,CU_TO_DEV
1717486159.3209221,322,3.5,45.7,OCC_TO_CU
1717486159.321604,322,0.0,45.7,OCC_TO_CU
1717486159.5064256,273,12.5,45.8,CU_TO_DEV
1717486159.506384,273,12.5,45.8,CU_TO_DEV
1717486169.3323643,322,3.8,45.7,OCC_TO_CU
1717486169.333227,322,100.0,45.7,OCC_TO_CU
1717486169.5126162,273,9.9,45.8,CU_TO_DEV
1717486169.512681,273,9.9,45.8,CU_TO_DEV
1717486179.3298612,322,4.3,45.7,OCC_TO_CU
1717486179.3340185,322,0.0,45.7,OCC_TO_CU
1717486179.5186713,273,61.3,45.7,CU_TO_DEV
1717486179.5185323,273,61.3,45.7,CU_TO_DEV
1717486189.3382928,322,4.6,45.5,OCC_TO_CU
1717486189.3389394,322,0.0,45.5,OCC_TO_CU
1717486189.52476,273,12.0,45.6,CU_TO_DEV
1717486189.5248404,273,12.0,45.6,CU_TO_DEV
1717486199.3596053,322,3.7,45.6,OCC_TO_CU
1717486199.3602583,322,0.0,45.6,OCC_TO_CU
1717486199.531217,273,10.1,45.7,CU_TO_DEV
1717486199.5311728,273,10.1,45.7,CU_TO_DEV
1717486209.364841,322,3.7,45.6,OCC_TO_CU
1717486209.381679,322,62.5,45.6,OCC_TO_CU
1717486209.5403252,273,71.4,45.6,CU_TO_DEV
1717486209.539994,273,71.4,45.6,CU_TO_DEV
1717486219.3945644,322,3.3,45.6,OCC_TO_CU
1717486219.3954735,322,0.0,45.6,OCC_TO_CU
1717486219.5458019,273,11.7,45.6,CU_TO_DEV
1717486219.5458567,273,11.7,45.6,CU_TO_DEV
1717486229.3915517,322,4.9,45.5,OCC_TO_CU
1717486229.3922884,322,0.0,45.5,OCC_TO_CU
1717486229.5533996,273,10.8,45.7,CU_TO_DEV
1717486229.5534627,273,10.8,45.7,CU_TO_DEV
1717486239.403178,322,3.2,45.6,OCC_TO_CU
1717486239.4070907,322,0.0,45.6,OCC_TO_CU
1717486239.558933,273,11.5,45.7,CU_TO_DEV
1717486239.5590048,273,11.5,45.7,CU_TO_DEV
1717486249.4210715,322,3.7,45.6,OCC_TO_CU
1717486249.4247499,322,0.0,45.6,OCC_TO_CU
1717486249.5650995,273,10.9,45.7,CU_TO_DEV
1717486249.5655522,273,0.0,45.7,CU_TO_DEV
1717486259.4325361,322,4.7,45.6,OCC_TO_CU
1717486259.433081,322,100.0,45.6,OCC_TO_CU
1717486259.5729003,273,9.1,45.7,CU_TO_DEV
1717486259.5732777,273,0.0,45.7,CU_TO_DEV
1717486269.460636,322,3.4,45.6,OCC_TO_CU
1717486269.471931,322,25.0,45.6,OCC_TO_CU
1717486269.580304,273,25.6,45.7,CU_TO_DEV
1717486269.580505,273,0.0,45.7,CU_TO_DEV
1717486279.4567704,322,4.8,45.6,OCC_TO_CU
1717486279.4767272,322,44.4,45.6,OCC_TO_CU
1717486279.587125,273,16.3,45.7,CU_TO_DEV
1717486279.5871634,273,16.3,45.7,CU_TO_DEV
1717486289.466248,322,4.3,45.5,OCC_TO_CU
1717486289.4795234,322,40.0,45.5,OCC_TO_CU
1717486289.5948412,273,17.8,45.6,CU_TO_DEV
1717486289.5950258,273,0.0,45.6,CU_TO_DEV
1717486299.4809048,322,3.8,45.6,OCC_TO_CU
1717486299.481618,322,0.0,45.6,OCC_TO_CU
1717486299.6002188,273,14.6,45.7,CU_TO_DEV
1717486299.6006844,273,0.0,45.7,CU_TO_DEV
1717486309.4951992,322,3.6,45.6,OCC_TO_CU
1717486309.495872,322,0.0,45.6,OCC_TO_CU
1717486309.6059813,273,20.0,45.7,CU_TO_DEV
1717486309.606438,273,0.0,45.7,CU_TO_DEV
1717486319.5158465,322,4.0,45.7,OCC_TO_CU
1717486319.5165772,322,0.0,45.7,OCC_TO_CU
1717486319.6116955,273,20.5,45.8,CU_TO_DEV
1717486319.6121895,273,0.0,45.8,CU_TO_DEV
1717486329.5174513,322,4.8,45.8,OCC_TO_CU
1717486329.5326486,322,57.1,45.8,OCC_TO_CU
1717486329.6207995,273,26.5,45.9,CU_TO_DEV
1717486329.6210237,273,0.0,45.9,CU_TO_DEV
1717486339.5368152,322,4.4,45.6,OCC_TO_CU
1717486339.5374954,322,0.0,45.6,OCC_TO_CU
1717486339.628763,273,13.9,45.8,CU_TO_DEV
1717486339.6291397,273,0.0,45.8,CU_TO_DEV
1717486349.5443652,322,3.3,45.7,OCC_TO_CU
1717486349.5450234,322,100.0,45.7,OCC_TO_CU
1717486349.6354706,273,94.4,45.8,CU_TO_DEV
1717486349.6360366,273,0.0,45.8,CU_TO_DEV
1717486359.574621,322,3.5,45.6,OCC_TO_CU
1717486359.575285,322,0.0,45.6,OCC_TO_CU
1717486359.6425781,273,23.1,45.7,CU_TO_DEV
1717486359.642768,273,23.1,45.7,CU_TO_DEV
1717486369.6103199,322,3.8,45.6,OCC_TO_CU
1717486369.6112006,322,0.0,45.6,OCC_TO_CU
1717486369.6510155,273,31.3,45.7,CU_TO_DEV
1717486369.6513374,273,0.0,45.7,CU_TO_DEV
1717486379.5913837,322,4.7,45.6,OCC_TO_CU
1717486379.5921967,322,0.0,45.6,OCC_TO_CU
1717486379.6582482,273,31.0,45.7,CU_TO_DEV
1717486379.662111,273,0.0,45.7,CU_TO_DEV
1717486389.5963304,322,4.4,45.5,OCC_TO_CU
1717486389.596854,322,0.0,45.5,OCC_TO_CU
1717486389.6638439,273,15.4,45.6,CU_TO_DEV
1717486389.668945,273,0.0,45.6,CU_TO_DEV
1717486399.6110764,322,3.5,45.5,OCC_TO_CU
1717486399.612372,322,0.0,45.5,OCC_TO_CU
1717486399.6703644,273,29.2,45.7,CU_TO_DEV
1717486399.673642,273,0.0,45.7,CU_TO_DEV
1717486409.6115863,322,6.4,45.9,OCC_TO_CU
1717486409.615901,322,0.0,45.9,OCC_TO_CU
1717486409.6762302,273,34.6,46.0,CU_TO_DEV
1717486409.6779456,273,100.0,46.0,CU_TO_DEV
1717486419.6343706,322,10.8,45.8,OCC_TO_CU
1717486419.635042,322,0.0,45.8,OCC_TO_CU
1717486419.6816223,273,35.0,46.0,CU_TO_DEV
1717486419.6845286,273,0.0,46.0,CU_TO_DEV
1717486429.6492226,322,4.4,45.8,OCC_TO_CU
1717486429.6503096,322,0.0,45.8,OCC_TO_CU
1717486429.6900022,273,35.3,45.9,CU_TO_DEV
1717486429.6939986,273,0.0,45.9,CU_TO_DEV
1717486439.6678057,322,3.2,45.8,OCC_TO_CU
1717486439.668317,322,0.0,45.8,OCC_TO_CU
1717486439.695651,273,40.0,45.9,CU_TO_DEV
1717486439.6988585,273,0.0,45.9,CU_TO_DEV
1717486449.676429,322,3.4,45.8,OCC_TO_CU
1717486449.6889687,322,40.0,45.8,OCC_TO_CU
1717486449.7022963,273,66.7,45.9,CU_TO_DEV
1717486449.7047384,273,100.0,45.9,CU_TO_DEV
1717486459.6953642,322,3.7,46.0,OCC_TO_CU
1717486459.6960855,322,0.0,46.0,OCC_TO_CU
1717486459.7092671,273,57.1,46.0,CU_TO_DEV
1717486459.7129102,273,100.0,46.0,CU_TO_DEV
1717486469.719666,322,4.5,45.9,OCC_TO_CU
1717486469.7203057,322,0.0,45.9,OCC_TO_CU
1717486469.9144197,273,12.8,46.1,CU_TO_DEV
1717486469.9187255,273,0.0,46.1,CU_TO_DEV
1717486479.7371118,322,3.5,46.0,OCC_TO_CU
1717486479.7376492,322,0.0,46.0,OCC_TO_CU
1717486479.9197712,273,50.7,46.0,CU_TO_DEV
1717486479.9236674,273,0.0,46.0,CU_TO_DEV
1717486489.7381353,322,3.4,45.9,OCC_TO_CU
1717486489.7390864,322,0.0,45.9,OCC_TO_CU
1717486489.9251423,273,12.3,46.1,CU_TO_DEV
1717486489.9276319,273,0.0,46.1,CU_TO_DEV
1717486499.765439,322,3.7,45.9,OCC_TO_CU
1717486499.7664318,322,0.0,45.9,OCC_TO_CU
1717486499.930352,273,76.9,46.1,CU_TO_DEV
1717486499.9322743,273,0.0,46.1,CU_TO_DEV
1717486509.7593813,322,4.3,45.8,OCC_TO_CU
1717486509.7601943,322,0.0,45.8,OCC_TO_CU
1717486509.9352427,273,13.9,46.0,CU_TO_DEV
1717486509.9363103,273,0.0,46.0,CU_TO_DEV
1717486519.7770846,322,4.3,45.7,OCC_TO_CU
1717486519.777993,322,0.0,45.7,OCC_TO_CU
1717486519.9400508,273,15.6,45.9,CU_TO_DEV
1717486519.940833,273,100.0,45.9,CU_TO_DEV
1717486529.7913034,322,3.8,45.8,OCC_TO_CU
1717486529.792343,322,0.0,45.8,OCC_TO_CU
1717486529.9457996,273,17.7,46.0,CU_TO_DEV
1717486529.9458928,273,17.7,46.0,CU_TO_DEV
1717486539.8236413,322,4.0,45.8,OCC_TO_CU
1717486539.8244464,322,0.0,45.8,OCC_TO_CU
1717486539.9512398,273,18.4,46.0,CU_TO_DEV
1717486539.9511967,273,18.4,46.0,CU_TO_DEV
1717486549.8188155,322,3.8,45.9,OCC_TO_CU
1717486549.8195314,322,0.0,45.9,OCC_TO_CU
1717486549.9567733,273,17.0,46.1,CU_TO_DEV
1717486549.9568377,273,17.0,46.1,CU_TO_DEV
1717486559.8380532,322,4.7,45.9,OCC_TO_CU
1717486559.8437295,322,0.0,45.9,OCC_TO_CU
1717486559.9654317,273,32.0,46.1,CU_TO_DEV
1717486559.9658837,273,0.0,46.1,CU_TO_DEV
1717486569.8503234,322,3.4,45.9,OCC_TO_CU
1717486569.851248,322,0.0,45.9,OCC_TO_CU
1717486569.9708967,273,22.9,46.1,CU_TO_DEV
1717486569.9712627,273,0.0,46.1,CU_TO_DEV
1717486579.872339,322,3.2,46.0,OCC_TO_CU
1717486579.873267,322,0.0,46.0,OCC_TO_CU
1717486579.9758928,273,31.7,46.1,CU_TO_DEV
1717486579.9758348,273,31.7,46.1,CU_TO_DEV
1717486589.8857706,322,3.7,46.0,OCC_TO_CU
1717486589.8869512,322,0.0,46.0,OCC_TO_CU
1717486589.981458,273,30.6,46.2,CU_TO_DEV
1717486589.9814126,273,30.6,46.2,CU_TO_DEV
1717486599.905107,322,4.1,45.9,OCC_TO_CU
1717486599.9061992,322,0.0,45.9,OCC_TO_CU
1717486599.9866374,273,32.3,46.0,CU_TO_DEV
1717486599.9871607,273,0.0,46.0,CU_TO_DEV
1717486609.904372,322,5.4,45.8,OCC_TO_CU
1717486609.905692,322,100.0,45.8,OCC_TO_CU
1717486609.9933522,273,88.2,46.0,CU_TO_DEV
1717486609.9935079,273,88.2,46.0,CU_TO_DEV
1717486619.9344132,322,3.5,45.7,OCC_TO_CU
1717486619.9353416,322,0.0,45.7,OCC_TO_CU
1717486619.9986718,273,25.0,45.8,CU_TO_DEV
1717486620.0011523,273,0.0,45.8,CU_TO_DEV
1717486629.941059,322,3.8,45.8,OCC_TO_CU
1717486629.9423308,322,0.0,45.8,OCC_TO_CU
1717486630.0039928,273,26.1,45.9,CU_TO_DEV
1717486630.0055559,273,0.0,45.9,CU_TO_DEV
1717486639.9709148,322,3.6,45.9,OCC_TO_CU
1717486639.9716132,322,0.0,45.9,OCC_TO_CU
1717486640.0111258,273,38.9,46.0,CU_TO_DEV
1717486640.0109825,273,38.9,46.0,CU_TO_DEV
1717486649.982042,322,3.6,45.9,OCC_TO_CU
1717486649.9831169,322,0.0,45.9,OCC_TO_CU
1717486650.0171502,273,35.7,46.0,CU_TO_DEV
1717486650.017465,273,0.0,46.0,CU_TO_DEV
1717486659.9922662,322,4.7,45.9,OCC_TO_CU
1717486659.9930515,322,0.0,45.9,OCC_TO_CU
1717486660.0284033,273,38.5,45.9,CU_TO_DEV
1717486660.0282993,273,38.5,45.9,CU_TO_DEV
1717486669.9881058,322,3.7,45.9,OCC_TO_CU
1717486669.9889815,322,100.0,45.9,OCC_TO_CU
1717486670.034735,273,29.4,46.0,CU_TO_DEV
1717486670.034486,273,31.2,46.0,CU_TO_DEV
1717486680.0046303,322,4.4,45.9,OCC_TO_CU
1717486680.0052328,322,0.0,45.9,OCC_TO_CU
1717486680.0405939,273,28.6,45.9,CU_TO_DEV
1717486680.040715,273,28.6,45.9,CU_TO_DEV
1717486690.0444777,322,3.5,45.9,OCC_TO_CU
1717486690.0451207,322,0.0,45.9,OCC_TO_CU
1717486690.0468018,273,0.0,45.9,CU_TO_DEV
1717486690.0467072,273,0.0,45.9,CU_TO_DEV
1717486700.0624511,322,4.9,45.9,OCC_TO_CU
1717486700.0754347,322,25.0,45.9,OCC_TO_CU
1717486700.2526102,273,17.6,46.0,CU_TO_DEV
1717486700.25338,273,0.0,46.0,CU_TO_DEV
1717486710.0496855,322,3.7,45.9,OCC_TO_CU
1717486710.0504968,322,0.0,45.9,OCC_TO_CU
1717486710.0579371,273,50.0,45.9,CU_TO_DEV
1717486710.0588748,273,0.0,45.9,CU_TO_DEV
1717486720.0655725,322,3.7,45.7,OCC_TO_CU
1717486720.0667868,322,0.0,45.7,OCC_TO_CU
1717486720.2640316,273,7.8,45.8,CU_TO_DEV
1717486720.264816,273,100.0,45.8,CU_TO_DEV
1717486730.124204,322,4.4,45.6,OCC_TO_CU
1717486730.1284518,322,50.0,45.6,OCC_TO_CU
1717486730.2700512,273,15.8,45.8,CU_TO_DEV
1717486730.2698464,273,15.8,45.8,CU_TO_DEV
1717486740.0972695,322,3.8,45.7,OCC_TO_CU
1717486740.127847,322,30.0,45.8,OCC_TO_CU
1717486740.2759087,273,65.0,45.8,CU_TO_DEV
1717486740.2760556,273,65.0,45.8,CU_TO_DEV
1717486750.1015275,322,4.6,45.5,OCC_TO_CU
1717486750.1056721,322,0.0,45.5,OCC_TO_CU
1717486750.2871237,273,8.3,45.7,CU_TO_DEV
1717486750.2875516,273,0.0,45.7,CU_TO_DEV
1717486760.1139617,322,3.6,45.6,OCC_TO_CU
1717486760.114589,322,0.0,45.6,OCC_TO_CU
1717486760.2935476,273,11.1,45.7,CU_TO_DEV
1717486760.2937686,273,11.1,45.7,CU_TO_DEV
1717486770.130795,322,4.4,45.5,OCC_TO_CU
1717486770.1314824,322,0.0,45.5,OCC_TO_CU
1717486770.3028889,273,10.3,45.6,CU_TO_DEV
1717486770.30375,273,0.0,45.6,CU_TO_DEV
1717486780.1404557,322,4.0,45.5,OCC_TO_CU
1717486780.1604674,322,37.5,45.6,OCC_TO_CU
1717486780.310053,273,18.6,45.7,CU_TO_DEV
1717486780.3104203,273,18.6,45.7,CU_TO_DEV
1717486790.1566172,322,3.8,45.6,OCC_TO_CU
1717486790.1573033,322,0.0,45.6,OCC_TO_CU
1717486790.3172662,273,0.0,45.7,CU_TO_DEV
1717486790.3167214,273,15.4,45.7,CU_TO_DEV
1717486800.1713502,322,4.6,45.6,OCC_TO_CU
1717486800.1723137,322,0.0,45.6,OCC_TO_CU
1717486800.3288438,273,18.5,45.8,CU_TO_DEV
1717486800.3285937,273,18.5,45.8,CU_TO_DEV
1717486810.1951733,322,3.5,45.7,OCC_TO_CU
1717486810.1959798,322,0.0,45.7,OCC_TO_CU
1717486810.335022,273,16.1,45.8,CU_TO_DEV
1717486810.335399,273,0.0,45.8,CU_TO_DEV
1717486820.1963525,322,4.1,45.8,OCC_TO_CU
1717486820.2130952,322,50.0,45.8,OCC_TO_CU
1717486820.3414814,273,23.5,45.9,CU_TO_DEV
1717486820.3421202,273,0.0,45.9,CU_TO_DEV
1717486830.2235663,322,4.3,45.7,OCC_TO_CU
1717486830.2246747,322,0.0,45.7,OCC_TO_CU
1717486830.349204,273,19.2,45.8,CU_TO_DEV
1717486830.3512955,273,0.0,45.8,CU_TO_DEV
1717486840.2320771,322,4.8,45.6,OCC_TO_CU
1717486840.2328207,322,100.0,45.6,OCC_TO_CU
1717486840.3613129,273,14.0,45.8,CU_TO_DEV
1717486840.3611958,273,14.0,45.8,CU_TO_DEV
1717486850.2343962,322,4.0,45.6,OCC_TO_CU
1717486850.235074,322,0.0,45.6,OCC_TO_CU
1717486850.3672023,273,14.8,45.7,CU_TO_DEV
1717486850.3670707,273,14.8,45.7,CU_TO_DEV
1717486860.2584682,322,3.5,45.6,OCC_TO_CU
1717486860.2648535,322,33.3,45.6,OCC_TO_CU
1717486860.373141,273,30.2,45.8,CU_TO_DEV
1717486860.373197,273,30.2,45.8,CU_TO_DEV
1717486870.294905,322,4.4,45.5,OCC_TO_CU
1717486870.2965188,322,0.0,45.5,OCC_TO_CU
1717486870.3828237,273,22.9,45.7,CU_TO_DEV
1717486870.3826423,273,22.9,45.7,CU_TO_DEV
1717486880.287395,322,3.6,45.6,OCC_TO_CU
1717486880.2883313,322,0.0,45.6,OCC_TO_CU
1717486880.3889518,273,26.2,45.7,CU_TO_DEV
1717486880.389015,273,26.2,45.7,CU_TO_DEV
1717486890.298263,322,4.7,45.5,OCC_TO_CU
1717486890.3013139,322,0.0,45.5,OCC_TO_CU
1717486890.3985162,273,20.5,45.7,CU_TO_DEV
1717486890.3985648,273,20.5,45.7,CU_TO_DEV
1717486900.3085473,322,3.8,45.6,OCC_TO_CU
1717486900.3092303,322,0.0,45.6,OCC_TO_CU
1717486900.4041493,273,18.9,45.7,CU_TO_DEV
1717486900.4048734,273,66.7,45.7,CU_TO_DEV
1717486910.328273,322,3.4,45.6,OCC_TO_CU
1717486910.3289378,322,0.0,45.6,OCC_TO_CU
1717486910.409494,273,18.7,45.8,CU_TO_DEV
1717486910.4100158,273,0.0,45.8,CU_TO_DEV
1717486920.3464415,322,3.5,45.7,OCC_TO_CU
1717486920.3472445,322,0.0,45.7,OCC_TO_CU
1717486920.4146006,273,20.0,45.8,CU_TO_DEV
1717486920.414643,273,20.0,45.8,CU_TO_DEV
1717486930.3668735,322,3.6,45.8,OCC_TO_CU
1717486930.367835,322,0.0,45.8,OCC_TO_CU
1717486930.4210393,273,85.7,45.9,CU_TO_DEV
1717486930.4218876,273,0.0,45.9,CU_TO_DEV
1717486940.371249,322,6.0,45.5,OCC_TO_CU
1717486940.3720305,322,0.0,45.5,OCC_TO_CU
1717486940.4270935,273,25.0,45.6,CU_TO_DEV
1717486940.4274905,273,0.0,45.6,CU_TO_DEV
1717486950.392262,322,3.6,45.5,OCC_TO_CU
1717486950.3930376,322,0.0,45.5,OCC_TO_CU
1717486950.4327745,273,37.5,45.6,CU_TO_DEV
1717486950.4332726,273,0.0,45.6,CU_TO_DEV
1717486960.4190185,322,3.5,45.6,OCC_TO_CU
1717486960.4197648,322,0.0,45.6,OCC_TO_CU
1717486960.4378934,273,44.4,45.6,CU_TO_DEV
1717486960.4382787,273,0.0,45.6,CU_TO_DEV
1717486970.403922,322,3.5,45.6,OCC_TO_CU
1717486970.4045541,322,0.0,45.6,OCC_TO_CU
1717486970.4429884,273,43.8,45.7,CU_TO_DEV
1717486970.4430504,273,43.8,45.7,CU_TO_DEV
1717486980.4178073,322,3.6,45.7,OCC_TO_CU
1717486980.4199011,322,0.0,45.7,OCC_TO_CU
1717486980.4498951,273,45.5,45.8,CU_TO_DEV
1717486980.4502838,273,0.0,45.8,CU_TO_DEV
1717486990.4398715,322,4.4,45.7,OCC_TO_CU
1717486990.4405432,322,0.0,45.7,OCC_TO_CU
1717486990.455592,273,33.3,45.7,CU_TO_DEV
1717486990.4562192,273,0.0,45.7,CU_TO_DEV
1717487000.4684682,322,3.8,45.7,OCC_TO_CU
1717487000.4691184,322,50.0,45.7,OCC_TO_CU
1717487000.6627135,273,64.0,45.8,CU_TO_DEV
1717487000.6631026,273,0.0,45.8,CU_TO_DEV
1717487010.4646668,322,3.2,45.7,OCC_TO_CU
1717487010.4653642,322,0.0,45.7,OCC_TO_CU
1717487010.467807,273,0.0,45.7,CU_TO_DEV
1717487010.4681907,273,0.0,45.7,CU_TO_DEV
1717487020.4863439,322,4.2,45.6,OCC_TO_CU
1717487020.4868681,322,0.0,45.6,OCC_TO_CU
1717487020.676851,273,14.5,45.8,CU_TO_DEV
1717487020.676897,273,14.5,45.8,CU_TO_DEV
1717487030.5028975,322,4.5,45.6,OCC_TO_CU
1717487030.5078151,322,0.0,45.6,OCC_TO_CU
1717487030.685719,273,21.1,45.8,CU_TO_DEV
1717487030.6861622,273,0.0,45.8,CU_TO_DEV
1717487040.515813,322,3.5,45.6,OCC_TO_CU
1717487040.516454,322,0.0,45.6,OCC_TO_CU
1717487040.6910572,273,21.1,45.8,CU_TO_DEV
1717487040.6914449,273,0.0,45.8,CU_TO_DEV
1717487050.536677,322,4.2,45.6,OCC_TO_CU
1717487050.5373528,322,0.0,45.6,OCC_TO_CU
1717487050.6966388,273,25.8,45.7,CU_TO_DEV
1717487050.6970015,273,0.0,45.7,CU_TO_DEV
1717487060.536385,322,3.4,45.6,OCC_TO_CU
1717487060.5577228,322,44.4,45.7,OCC_TO_CU
1717487060.702404,273,26.8,45.8,CU_TO_DEV
1717487060.7023683,273,26.8,45.8,CU_TO_DEV
1717487070.5482144,322,3.6,45.7,OCC_TO_CU
1717487070.5530128,322,50.0,45.7,OCC_TO_CU
1717487070.7073004,273,34.4,45.8,CU_TO_DEV
1717487070.7078807,273,0.0,45.8,CU_TO_DEV
1717487080.5797584,322,4.3,45.7,OCC_TO_CU
1717487080.5802872,322,0.0,45.7,OCC_TO_CU
1717487080.713499,273,24.5,45.8,CU_TO_DEV
1717487080.7139452,273,0.0,45.8,CU_TO_DEV
1717487090.5797527,322,3.4,45.7,OCC_TO_CU
1717487090.5804129,322,0.0,45.7,OCC_TO_CU
1717487090.7187998,273,26.4,45.8,CU_TO_DEV
1717487090.71863,273,26.4,45.8,CU_TO_DEV
1717487100.5901208,322,3.8,45.7,OCC_TO_CU
1717487100.5909252,322,0.0,45.7,OCC_TO_CU
1717487100.724002,273,78.4,45.8,CU_TO_DEV
1717487100.724062,273,78.4,45.8,CU_TO_DEV
1717487110.6071951,322,3.5,45.7,OCC_TO_CU
1717487110.617014,322,50.0,45.7,OCC_TO_CU
1717487110.729126,273,40.9,45.8,CU_TO_DEV
1717487110.7290118,273,40.9,45.8,CU_TO_DEV
1717487120.6343691,322,3.5,45.7,OCC_TO_CU
1717487120.6411376,322,100.0,45.7,OCC_TO_CU
1717487120.737326,273,48.6,45.9,CU_TO_DEV
1717487120.7374942,273,47.4,45.9,CU_TO_DEV
1717487130.6372,322,4.4,45.7,OCC_TO_CU
1717487130.6396685,322,0.0,45.7,OCC_TO_CU
1717487130.753103,273,93.2,45.8,CU_TO_DEV
1717487130.7542088,273,0.0,45.8,CU_TO_DEV
1717487140.652927,322,3.9,45.6,OCC_TO_CU
1717487140.6539977,322,0.0,45.6,OCC_TO_CU
1717487140.7585864,273,31.0,45.8,CU_TO_DEV
1717487140.7586343,273,31.0,45.8,CU_TO_DEV
1717487150.6923933,322,3.7,45.7,OCC_TO_CU
1717487150.6933548,322,100.0,45.7,OCC_TO_CU
1717487150.765767,273,89.7,45.8,CU_TO_DEV
1717487150.7662814,273,0.0,45.8,CU_TO_DEV
1717487160.7056947,322,3.8,45.6,OCC_TO_CU
1717487160.7070994,322,0.0,45.6,OCC_TO_CU
1717487160.770731,273,34.6,45.7,CU_TO_DEV
1717487160.7715058,273,0.0,45.7,CU_TO_DEV
1717487170.7231393,322,4.8,45.6,OCC_TO_CU
1717487170.7238183,322,0.0,45.6,OCC_TO_CU
1717487170.7774673,273,20.0,45.7,CU_TO_DEV
1717487170.7775197,273,20.0,45.7,CU_TO_DEV
1717487180.7119448,322,3.5,45.6,OCC_TO_CU
1717487180.7131705,322,100.0,45.6,OCC_TO_CU
1717487180.7825887,273,23.1,45.7,CU_TO_DEV
1717487180.7825415,273,23.1,45.7,CU_TO_DEV
1717487190.7353055,322,4.3,45.6,OCC_TO_CU
1717487190.735859,322,0.0,45.6,OCC_TO_CU
1717487190.7886155,273,27.3,45.7,CU_TO_DEV
1717487190.7895296,273,0.0,45.7,CU_TO_DEV
1717487200.7408166,322,3.7,45.7,OCC_TO_CU
1717487200.7414958,322,0.0,45.7,OCC_TO_CU
1717487200.793723,273,30.0,45.7,CU_TO_DEV
1717487200.7984207,273,0.0,45.7,CU_TO_DEV
1717487210.7528126,322,4.2,45.7,OCC_TO_CU
1717487210.753503,322,0.0,45.7,OCC_TO_CU
1717487210.798376,273,31.2,45.8,CU_TO_DEV
1717487210.8055615,273,33.3,45.8,CU_TO_DEV
1717487220.764927,322,4.7,45.7,OCC_TO_CU
1717487220.8023653,322,35.7,45.8,OCC_TO_CU
1717487220.8070915,273,0.0,45.8,CU_TO_DEV
1717487220.812177,273,66.7,45.8,CU_TO_DEV
1717487230.7935138,322,3.9,45.7,OCC_TO_CU
1717487230.7947328,322,0.0,45.7,OCC_TO_CU
1717487230.8128808,273,57.1,45.7,CU_TO_DEV
1717487230.8172953,273,50.0,45.7,CU_TO_DEV
1717487240.7887769,322,3.9,45.8,OCC_TO_CU
1717487240.7896369,322,0.0,45.8,OCC_TO_CU
1717487240.8209603,273,36.4,45.8,CU_TO_DEV
1717487240.8244445,273,0.0,45.8,CU_TO_DEV
1717487250.8033478,322,3.7,45.8,OCC_TO_CU
1717487250.8040402,322,0.0,45.8,OCC_TO_CU
1717487250.8269153,273,50.0,45.8,CU_TO_DEV
1717487250.8293607,273,0.0,45.8,CU_TO_DEV
1717487260.8102362,322,4.5,45.8,OCC_TO_CU
1717487260.8119156,322,0.0,45.8,OCC_TO_CU
1717487260.834999,273,66.7,45.8,CU_TO_DEV
1717487260.8365154,273,0.0,45.8,CU_TO_DEV
1717487270.8295088,322,6.4,45.5,OCC_TO_CU
1717487270.8300703,322,0.0,45.5,OCC_TO_CU
1717487270.8484542,273,33.3,45.5,CU_TO_DEV
1717487270.8495271,273,100.0,45.5,CU_TO_DEV
1717487280.8377724,322,3.6,45.5,OCC_TO_CU
1717487280.8385437,322,0.0,45.5,OCC_TO_CU
1717487280.8549504,273,50.0,45.6,CU_TO_DEV
1717487280.8568745,273,100.0,45.6,CU_TO_DEV
1717487290.8643067,322,3.3,45.6,OCC_TO_CU
1717487290.865789,322,0.0,45.6,OCC_TO_CU
1717487291.0610971,273,20.5,45.7,CU_TO_DEV
1717487291.0627909,273,0.0,45.7,CU_TO_DEV
1717487300.8713856,322,3.1,45.6,OCC_TO_CU
1717487300.8721807,322,0.0,45.6,OCC_TO_CU
1717487301.0664587,273,21.8,45.8,CU_TO_DEV
1717487301.067063,273,0.0,45.8,CU_TO_DEV
1717487310.8758464,322,3.6,45.7,OCC_TO_CU
1717487310.8765638,322,0.0,45.7,OCC_TO_CU
1717487311.072622,273,32.9,45.9,CU_TO_DEV
1717487311.0770106,273,100.0,45.9,CU_TO_DEV
1717487320.925712,322,4.0,45.7,OCC_TO_CU
1717487320.9436052,322,33.3,45.7,OCC_TO_CU
1717487321.081779,273,37.7,45.9,CU_TO_DEV
1717487321.0817435,273,37.7,45.9,CU_TO_DEV
1717487330.9292262,322,3.2,45.7,OCC_TO_CU
1717487330.930414,322,0.0,45.7,OCC_TO_CU
1717487331.0869558,273,26.2,45.8,CU_TO_DEV
1717487331.0870328,273,26.2,45.8,CU_TO_DEV
1717487340.9203324,322,3.5,45.8,OCC_TO_CU
1717487340.9211593,322,0.0,45.8,OCC_TO_CU
1717487341.0929248,273,22.4,45.9,CU_TO_DEV
1717487341.09286,273,22.4,45.9,CU_TO_DEV
1717487350.9518697,322,3.5,45.8,OCC_TO_CU
1717487350.9527261,322,100.0,45.8,OCC_TO_CU
1717487351.098442,273,31.0,45.9,CU_TO_DEV
1717487351.0984845,273,31.0,45.9,CU_TO_DEV
1717487360.9597437,322,5.2,45.6,OCC_TO_CU
1717487360.9606993,322,100.0,45.6,OCC_TO_CU
1717487361.106125,273,30.5,45.8,CU_TO_DEV
1717487361.106355,273,30.5,45.8,CU_TO_DEV
1717487371.0171187,322,3.7,45.7,OCC_TO_CU
1717487371.0201519,322,0.0,45.7,OCC_TO_CU
1717487371.1151278,273,86.8,45.9,CU_TO_DEV
1717487371.112273,273,87.5,45.9,CU_TO_DEV
1717487380.9800346,322,4.0,45.6,OCC_TO_CU
1717487380.9812615,322,0.0,45.6,OCC_TO_CU
1717487381.1204665,273,82.5,45.7,CU_TO_DEV
1717487381.1219296,273,0.0,45.7,CU_TO_DEV
1717487390.9851463,322,3.1,45.6,OCC_TO_CU
1717487390.9972281,322,60.0,45.6,OCC_TO_CU
1717487391.1267965,273,35.3,45.7,CU_TO_DEV
1717487391.128376,273,0.0,45.7,CU_TO_DEV
1717487401.007178,322,3.6,45.6,OCC_TO_CU
1717487401.0080676,322,0.0,45.6,OCC_TO_CU
1717487401.132468,273,22.4,45.7,CU_TO_DEV
1717487401.1331377,273,100.0,45.7,CU_TO_DEV
1717487411.022358,322,4.4,45.6,OCC_TO_CU
1717487411.023454,322,0.0,45.6,OCC_TO_CU
1717487411.1380322,273,23.9,45.7,CU_TO_DEV
1717487411.1384008,273,0.0,45.7,CU_TO_DEV
1717487421.0663404,322,3.5,45.6,OCC_TO_CU
1717487421.068996,322,0.0,45.6,OCC_TO_CU
1717487421.1445572,273,32.1,45.8,CU_TO_DEV
1717487421.1444805,273,36.7,45.8,CU_TO_DEV
1717487431.0585818,322,3.5,45.7,OCC_TO_CU
1717487431.0621638,322,0.0,45.7,OCC_TO_CU
1717487431.1504297,273,36.1,45.8,CU_TO_DEV
1717487431.1503603,273,36.1,45.8,CU_TO_DEV
1717487441.0886357,322,4.2,45.7,OCC_TO_CU
1717487441.0895102,322,0.0,45.7,OCC_TO_CU
1717487441.1573453,273,33.3,45.8,CU_TO_DEV
1717487441.1573975,273,33.3,45.8,CU_TO_DEV
1717487451.0856128,322,3.4,45.7,OCC_TO_CU
1717487451.0861478,322,0.0,45.7,OCC_TO_CU
1717487451.1628735,273,33.3,45.9,CU_TO_DEV
1717487451.1637006,273,0.0,45.9,CU_TO_DEV
1717487461.0992768,322,4.5,45.6,OCC_TO_CU
1717487461.100389,322,0.0,45.6,OCC_TO_CU
1717487461.1702385,273,40.0,45.8,CU_TO_DEV
1717487461.1726933,273,50.0,45.8,CU_TO_DEV
1717487471.1277196,322,3.4,45.7,OCC_TO_CU
1717487471.1284156,322,0.0,45.7,OCC_TO_CU
1717487471.1767766,273,61.9,45.8,CU_TO_DEV
1717487471.178895,273,0.0,45.8,CU_TO_DEV
1717487481.1257734,322,3.7,45.7,OCC_TO_CU
1717487481.126382,322,0.0,45.7,OCC_TO_CU
1717487481.1876087,273,87.0,45.8,CU_TO_DEV
1717487481.1881022,273,0.0,45.8,CU_TO_DEV
1717487491.171263,322,4.1,45.7,OCC_TO_CU
1717487491.1725857,322,0.0,45.7,OCC_TO_CU
1717487491.1937299,273,0.0,45.7,CU_TO_DEV
1717487491.1933672,273,88.9,45.7,CU_TO_DEV
1717487501.1419165,322,5.0,45.7,OCC_TO_CU
1717487501.1425407,322,0.0,45.7,OCC_TO_CU
1717487501.2016428,273,38.1,45.8,CU_TO_DEV
1717487501.2024553,273,0.0,45.8,CU_TO_DEV
1717487511.154368,322,3.9,45.7,OCC_TO_CU
1717487511.1550765,322,0.0,45.7,OCC_TO_CU
1717487511.2089953,273,57.1,45.8,CU_TO_DEV
1717487511.2103992,273,0.0,45.8,CU_TO_DEV
1717487521.1865551,322,4.3,45.7,OCC_TO_CU
1717487521.1871045,322,0.0,45.7,OCC_TO_CU
1717487521.2173433,273,58.3,45.7,CU_TO_DEV
1717487521.2179074,273,0.0,45.7,CU_TO_DEV
1717487531.2061632,322,4.7,45.6,OCC_TO_CU
1717487531.2070131,322,0.0,45.6,OCC_TO_CU
1717487531.2259398,273,71.4,45.6,CU_TO_DEV
1717487531.2266495,273,0.0,45.6,CU_TO_DEV
1717487541.2067611,322,3.9,45.6,OCC_TO_CU
1717487541.2094963,322,0.0,45.6,OCC_TO_CU
1717487541.2348077,273,80.0,45.7,CU_TO_DEV
1717487541.2362697,273,0.0,45.7,CU_TO_DEV
1717487551.2229156,322,4.7,45.6,OCC_TO_CU
1717487551.224086,322,0.0,45.6,OCC_TO_CU
1717487551.2442567,273,87.5,45.6,CU_TO_DEV
1717487551.2460403,273,100.0,45.6,CU_TO_DEV
1717487561.2492962,322,3.7,45.6,OCC_TO_CU
1717487561.2500026,322,0.0,45.6,OCC_TO_CU
1717487561.25131,273,0.0,45.6,CU_TO_DEV
1717487561.2515447,273,0.0,45.6,CU_TO_DEV
1717487571.2631016,322,4.3,45.7,OCC_TO_CU
1717487571.2655976,322,0.0,45.7,OCC_TO_CU
1717487571.4577196,273,14.7,45.8,CU_TO_DEV
1717487571.4578745,273,14.7,45.8,CU_TO_DEV
1717487581.2516966,322,3.2,45.8,OCC_TO_CU
1717487581.253195,322,100.0,45.8,OCC_TO_CU
1717487581.2644145,273,75.0,45.8,CU_TO_DEV
1717487581.2635653,273,75.0,45.8,CU_TO_DEV
1717487591.2779348,322,3.4,45.7,OCC_TO_CU
1717487591.2799442,322,0.0,45.7,OCC_TO_CU
1717487591.4730248,273,13.0,45.9,CU_TO_DEV
1717487591.4732993,273,0.0,45.9,CU_TO_DEV
1717487601.293109,322,5.3,45.6,OCC_TO_CU
1717487601.2943196,322,0.0,45.6,OCC_TO_CU
1717487601.4787362,273,10.8,45.7,CU_TO_DEV
1717487601.4788072,273,10.8,45.7,CU_TO_DEV
1717487611.308282,322,4.2,45.5,OCC_TO_CU
1717487611.3092468,322,100.0,45.5,OCC_TO_CU
1717487611.4857078,273,10.0,45.7,CU_TO_DEV
1717487611.4857452,273,10.0,45.7,CU_TO_DEV
1717487621.2970839,322,3.8,45.6,OCC_TO_CU
1717487621.3001912,322,0.0,45.6,OCC_TO_CU
1717487621.4919834,273,13.0,45.7,CU_TO_DEV
1717487621.4927487,273,0.0,45.7,CU_TO_DEV
1717487631.3349156,322,3.2,45.7,OCC_TO_CU
1717487631.3357973,322,0.0,45.7,OCC_TO_CU
1717487631.4989874,273,12.1,45.8,CU_TO_DEV
1717487631.4994607,273,0.0,45.8,CU_TO_DEV
1717487641.3458374,322,4.8,45.7,OCC_TO_CU
1717487641.346909,322,0.0,45.7,OCC_TO_CU
1717487641.5057902,273,9.4,45.8,CU_TO_DEV
1717487641.5058572,273,9.4,45.8,CU_TO_DEV
1717487651.3428042,322,4.3,45.6,OCC_TO_CU
1717487651.3435128,322,0.0,45.6,OCC_TO_CU
1717487651.5144627,273,9.0,45.7,CU_TO_DEV
1717487651.5145257,273,9.0,45.7,CU_TO_DEV
1717487661.3709776,322,3.5,45.6,OCC_TO_CU
1717487661.372159,322,0.0,45.6,OCC_TO_CU
1717487661.5203066,273,13.1,45.7,CU_TO_DEV
1717487661.5207794,273,100.0,45.7,CU_TO_DEV
1717487671.3710856,322,3.7,45.7,OCC_TO_CU
1717487671.3717194,322,0.0,45.7,OCC_TO_CU
1717487671.5264857,273,12.9,45.8,CU_TO_DEV
1717487671.5269883,273,0.0,45.8,CU_TO_DEV
1717487681.4040387,322,3.6,45.8,OCC_TO_CU
1717487681.4052577,322,100.0,45.8,OCC_TO_CU
1717487681.5333264,273,14.0,45.9,CU_TO_DEV
1717487681.533582,273,0.0,45.9,CU_TO_DEV
1717487691.415293,322,4.9,45.7,OCC_TO_CU
1717487691.415851,322,0.0,45.7,OCC_TO_CU
1717487691.5430992,273,10.0,45.8,CU_TO_DEV
1717487691.543251,273,10.0,45.8,CU_TO_DEV
1717487701.454889,322,3.9,45.7,OCC_TO_CU
1717487701.455991,322,0.0,45.7,OCC_TO_CU
1717487701.552937,273,95.0,45.8,CU_TO_DEV
1717487701.5537946,273,0.0,45.8,CU_TO_DEV
1717487711.435806,322,3.6,45.6,OCC_TO_CU
1717487711.4369414,322,0.0,45.6,OCC_TO_CU
1717487711.5592096,273,14.3,45.7,CU_TO_DEV
1717487711.5592952,273,14.3,45.7,CU_TO_DEV
1717487721.455481,322,3.7,45.7,OCC_TO_CU
1717487721.4562938,322,0.0,45.7,OCC_TO_CU
1717487721.56507,273,19.6,45.8,CU_TO_DEV
1717487721.5655494,273,0.0,45.8,CU_TO_DEV
1717487731.4701114,322,3.5,45.7,OCC_TO_CU
1717487731.4707582,322,0.0,45.7,OCC_TO_CU
1717487731.5708115,273,13.5,45.9,CU_TO_DEV
1717487731.5707436,273,13.5,45.9,CU_TO_DEV
1717487741.4737175,322,4.3,45.7,OCC_TO_CU
1717487741.474632,322,0.0,45.7,OCC_TO_CU
1717487741.5803564,273,18.6,45.8,CU_TO_DEV
1717487741.5802948,273,18.6,45.8,CU_TO_DEV
1717487751.4891021,322,3.3,45.7,OCC_TO_CU
1717487751.489773,322,0.0,45.7,OCC_TO_CU
1717487751.5871904,273,15.8,45.9,CU_TO_DEV
1717487751.587584,273,0.0,45.9,CU_TO_DEV
1717487761.4941318,322,3.5,45.7,OCC_TO_CU
1717487761.495082,322,0.0,45.7,OCC_TO_CU
1717487761.5930529,273,17.9,45.9,CU_TO_DEV
1717487761.593434,273,0.0,45.9,CU_TO_DEV
1717487771.5088174,322,3.8,45.8,OCC_TO_CU
1717487771.5094686,322,0.0,45.8,OCC_TO_CU
1717487771.600698,273,88.6,46.0,CU_TO_DEV
1717487771.6009827,273,0.0,46.0,CU_TO_DEV
1717487781.5353043,322,3.1,45.8,OCC_TO_CU
1717487781.5365047,322,0.0,45.8,OCC_TO_CU
1717487781.6083913,273,29.0,45.9,CU_TO_DEV
1717487781.6084943,273,29.0,45.9,CU_TO_DEV
1717487791.540556,322,5.0,45.6,OCC_TO_CU
1717487791.5416577,322,100.0,45.6,OCC_TO_CU
1717487791.6172361,273,16.7,45.7,CU_TO_DEV
1717487791.6173804,273,16.7,45.7,CU_TO_DEV
1717487801.5598884,322,3.6,45.6,OCC_TO_CU
1717487801.5606446,322,100.0,45.6,OCC_TO_CU
1717487801.623639,273,21.7,45.8,CU_TO_DEV
1717487801.6240482,273,0.0,45.8,CU_TO_DEV
1717487811.5591698,322,3.7,45.7,OCC_TO_CU
1717487811.5711305,322,60.0,45.7,OCC_TO_CU
1717487811.6323044,273,76.9,45.8,CU_TO_DEV
1717487811.6336544,273,100.0,45.8,CU_TO_DEV
1717487821.581147,322,4.2,45.6,OCC_TO_CU
1717487821.582095,322,0.0,45.6,OCC_TO_CU
1717487821.642994,273,25.0,45.7,CU_TO_DEV
1717487821.6430817,273,25.0,45.7,CU_TO_DEV
1717487831.6071637,322,4.2,45.6,OCC_TO_CU
1717487831.6078682,322,0.0,45.6,OCC_TO_CU
1717487831.6498222,273,31.3,45.7,CU_TO_DEV
1717487831.6501894,273,0.0,45.7,CU_TO_DEV
1717487841.6102111,322,3.5,45.6,OCC_TO_CU
1717487841.6114588,322,0.0,45.6,OCC_TO_CU
1717487841.657263,273,38.9,45.7,CU_TO_DEV
1717487841.6577191,273,0.0,45.7,CU_TO_DEV
1717487851.6152318,322,3.5,45.7,OCC_TO_CU
1717487851.6159673,322,0.0,45.7,OCC_TO_CU
1717487851.6638706,273,33.3,45.8,CU_TO_DEV
1717487851.6638231,273,33.3,45.8,CU_TO_DEV
1717487861.6534898,322,3.5,45.8,OCC_TO_CU
1717487861.6547642,322,0.0,45.8,OCC_TO_CU
1717487861.6710405,273,57.1,45.8,CU_TO_DEV
1717487861.6709433,273,57.1,45.8,CU_TO_DEV
1717487871.6567202,322,4.5,45.7,OCC_TO_CU
1717487871.6575704,322,0.0,45.7,OCC_TO_CU
1717487871.6783137,273,50.0,45.7,CU_TO_DEV
1717487871.6780653,273,50.0,45.7,CU_TO_DEV
1717487881.6636271,322,4.6,45.7,OCC_TO_CU
1717487881.6647816,322,100.0,45.7,OCC_TO_CU
1717487881.6862056,273,44.4,45.7,CU_TO_DEV
1717487881.6861296,273,44.4,45.7,CU_TO_DEV
1717487891.6797693,322,3.6,45.7,OCC_TO_CU
1717487891.6809244,322,0.0,45.7,OCC_TO_CU
1717487891.6927013,273,50.0,45.7,CU_TO_DEV
1717487891.6937284,273,0.0,45.7,CU_TO_DEV
1717487901.6927876,322,4.1,45.8,OCC_TO_CU
1717487901.6934514,322,0.0,45.8,OCC_TO_CU
1717487901.702078,273,33.3,45.8,CU_TO_DEV
1717487901.7023773,273,0.0,45.8,CU_TO_DEV
1717487911.7028983,322,4.3,45.8,OCC_TO_CU
1717487911.7036147,322,0.0,45.8,OCC_TO_CU
1717487911.7105954,273,33.3,45.8,CU_TO_DEV
1717487911.7128713,273,100.0,45.8,CU_TO_DEV
1717487921.7073438,322,3.6,45.8,OCC_TO_CU
1717487921.7184398,273,40.0,45.8,CU_TO_DEV
1717487921.719195,273,0.0,45.8,CU_TO_DEV
1717487921.7202785,322,0.0,45.8,OCC_TO_CU
1717487921.9199238,273,14.3,45.9,CU_TO_DEV
1717487921.921141,273,50.0,45.9,CU_TO_DEV
1717487931.7307146,322,5.6,45.6,OCC_TO_CU
1717487931.7313545,322,0.0,45.6,OCC_TO_CU
1717487931.9294193,273,10.1,45.8,CU_TO_DEV
1717487931.9296684,273,0.0,45.8,CU_TO_DEV
1717487941.7311273,322,3.6,45.7,OCC_TO_CU
1717487941.731778,322,0.0,45.7,OCC_TO_CU
1717487941.7358844,273,0.0,45.7,CU_TO_DEV
1717487941.7363334,273,0.0,45.7,CU_TO_DEV
1717487951.7460184,322,4.3,45.6,OCC_TO_CU
1717487951.746727,322,0.0,45.6,OCC_TO_CU
1717487951.747076,273,0.0,45.6,CU_TO_DEV
1717487951.9433131,273,8.9,45.8,CU_TO_DEV
1717487951.9477718,273,0.0,45.8,CU_TO_DEV
1717487961.7841067,322,3.3,45.7,OCC_TO_CU
1717487961.7847784,322,100.0,45.7,OCC_TO_CU
1717487961.9509277,273,9.2,45.8,CU_TO_DEV
1717487961.9551284,273,0.0,45.8,CU_TO_DEV
1717487971.7634878,322,4.9,45.7,OCC_TO_CU
1717487971.7640502,322,0.0,45.7,OCC_TO_CU
1717487971.9611478,273,5.2,45.8,CU_TO_DEV
1717487971.9610915,273,5.2,45.8,CU_TO_DEV
1717487981.780461,322,3.3,45.7,OCC_TO_CU
1717487981.7816374,322,100.0,45.7,OCC_TO_CU
1717487981.9678962,273,6.9,45.8,CU_TO_DEV
1717487981.968073,273,6.9,45.8,CU_TO_DEV
1717487991.8039758,322,3.7,45.7,OCC_TO_CU
1717487991.8046894,322,100.0,45.7,OCC_TO_CU
1717487991.9747727,273,7.7,45.8,CU_TO_DEV
1717487991.9752178,273,0.0,45.8,CU_TO_DEV
1717488001.8251255,322,3.8,45.8,OCC_TO_CU
1717488001.8259106,322,0.0,45.8,OCC_TO_CU
1717488001.981729,273,11.3,45.9,CU_TO_DEV
1717488001.9815857,273,11.3,45.9,CU_TO_DEV
1717488011.8276596,322,3.6,45.8,OCC_TO_CU
1717488011.828818,322,0.0,45.8,OCC_TO_CU
1717488011.988225,273,9.5,46.0,CU_TO_DEV
1717488011.988469,273,0.0,46.0,CU_TO_DEV
1717488021.8318617,322,4.5,45.8,OCC_TO_CU
1717488021.8326457,322,100.0,45.8,OCC_TO_CU
1717488021.9973733,273,12.1,45.9,CU_TO_DEV
1717488021.9975538,273,12.1,45.9,CU_TO_DEV
1717488031.8708773,322,3.6,45.8,OCC_TO_CU
1717488031.8716235,322,0.0,45.8,OCC_TO_CU
1717488032.0048769,273,86.8,45.9,CU_TO_DEV
1717488032.0048227,273,86.8,45.9,CU_TO_DEV
1717488041.8714721,322,4.0,45.7,OCC_TO_CU
1717488041.8721514,322,0.0,45.7,OCC_TO_CU
1717488042.0116885,273,72.7,45.8,CU_TO_DEV
1717488042.0123534,273,0.0,45.8,CU_TO_DEV
1717488051.862229,322,3.0,45.5,OCC_TO_CU
1717488051.8628755,322,0.0,45.5,OCC_TO_CU
1717488052.018431,273,23.3,45.7,CU_TO_DEV
1717488052.0185835,273,23.3,45.7,CU_TO_DEV
1717488061.8765707,322,3.5,45.7,OCC_TO_CU
1717488061.8772862,322,0.0,45.7,OCC_TO_CU
1717488062.025768,273,11.9,45.8,CU_TO_DEV
1717488062.0260305,273,0.0,45.8,CU_TO_DEV
1717488071.9266987,322,4.5,45.6,OCC_TO_CU
1717488071.9275253,322,0.0,45.6,OCC_TO_CU
1717488072.033059,273,16.7,45.7,CU_TO_DEV
1717488072.033152,273,16.7,45.7,CU_TO_DEV
1717488081.9187534,322,3.5,45.6,OCC_TO_CU
1717488081.919601,322,0.0,45.6,OCC_TO_CU
1717488082.0400891,273,16.7,45.7,CU_TO_DEV
1717488082.040462,273,0.0,45.7,CU_TO_DEV
1717488091.942261,322,3.5,45.7,OCC_TO_CU
1717488091.9430459,322,0.0,45.7,OCC_TO_CU
1717488092.0481994,273,17.1,45.8,CU_TO_DEV
1717488092.048455,273,0.0,45.8,CU_TO_DEV
1717488101.9393606,322,3.7,45.7,OCC_TO_CU
1717488101.9401536,322,0.0,45.7,OCC_TO_CU
1717488102.0570662,273,15.2,45.9,CU_TO_DEV
1717488102.0572371,273,15.2,45.9,CU_TO_DEV
1717488111.944221,322,3.6,45.8,OCC_TO_CU
1717488111.945235,322,100.0,45.8,OCC_TO_CU
1717488112.0641844,273,16.7,45.9,CU_TO_DEV
1717488112.0646522,273,0.0,45.9,CU_TO_DEV
1717488121.9679987,322,5.3,45.7,OCC_TO_CU
1717488121.9686863,322,100.0,45.7,OCC_TO_CU
1717488122.0717268,273,17.1,45.8,CU_TO_DEV
1717488122.0772982,273,0.0,45.8,CU_TO_DEV
1717488131.980823,322,3.7,45.7,OCC_TO_CU
1717488131.981456,322,0.0,45.7,OCC_TO_CU
1717488132.0815382,273,19.5,45.9,CU_TO_DEV
1717488132.0833037,273,0.0,45.9,CU_TO_DEV
1717488142.0073361,322,4.5,45.6,OCC_TO_CU
1717488142.007996,322,0.0,45.6,OCC_TO_CU
1717488142.0891702,273,19.4,45.7,CU_TO_DEV
1717488142.0897012,273,0.0,45.7,CU_TO_DEV
1717488152.0088024,322,3.7,45.7,OCC_TO_CU
1717488152.014403,322,33.3,45.7,OCC_TO_CU
1717488152.0985935,273,32.3,45.9,CU_TO_DEV
1717488152.0984375,273,32.3,45.9,CU_TO_DEV
1717488162.0192032,322,4.9,45.7,OCC_TO_CU
1717488162.0199172,322,0.0,45.7,OCC_TO_CU
1717488162.104218,273,15.2,45.8,CU_TO_DEV
1717488162.1046054,273,0.0,45.8,CU_TO_DEV
1717488172.0370169,322,3.4,45.7,OCC_TO_CU
1717488172.0381353,322,0.0,45.7,OCC_TO_CU
1717488172.1121032,273,90.0,45.9,CU_TO_DEV
1717488172.1127627,273,100.0,45.9,CU_TO_DEV
1717488182.0490227,322,3.8,45.7,OCC_TO_CU
1717488182.050153,322,0.0,45.7,OCC_TO_CU
1717488182.1182256,273,23.1,45.8,CU_TO_DEV
1717488182.118863,273,0.0,45.8,CU_TO_DEV
1717488192.0591302,322,3.4,45.7,OCC_TO_CU
1717488192.0740798,322,50.0,45.7,OCC_TO_CU
1717488192.1264482,273,40.9,45.8,CU_TO_DEV
1717488192.1266108,273,40.9,45.8,CU_TO_DEV
1717488202.0752957,322,3.5,45.7,OCC_TO_CU
1717488202.0765965,322,0.0,45.7,OCC_TO_CU
1717488202.1334486,273,32.0,45.9,CU_TO_DEV
1717488202.1339924,273,0.0,45.9,CU_TO_DEV
1717488212.088845,322,5.1,45.6,OCC_TO_CU
1717488212.089654,322,0.0,45.6,OCC_TO_CU
1717488212.1398928,273,22.2,45.7,CU_TO_DEV
1717488212.1403499,273,0.0,45.7,CU_TO_DEV
1717488222.0950866,322,3.3,45.7,OCC_TO_CU
1717488222.0961864,322,0.0,45.7,OCC_TO_CU
1717488222.145309,273,31.6,45.8,CU_TO_DEV
1717488222.1452641,273,31.6,45.8,CU_TO_DEV
1717488232.0787714,322,3.6,45.7,OCC_TO_CU
1717488232.0798278,322,0.0,45.7,OCC_TO_CU
1717488232.1497562,273,23.3,45.8,CU_TO_DEV
1717488232.1499956,273,0.0,45.8,CU_TO_DEV
1717488242.1002464,322,3.5,45.8,OCC_TO_CU
1717488242.115816,322,50.0,45.8,OCC_TO_CU
1717488242.1549726,273,93.3,45.8,CU_TO_DEV
1717488242.1583736,273,100.0,45.8,CU_TO_DEV
1717488252.0678399,322,4.4,45.7,OCC_TO_CU
1717488252.0688667,322,100.0,45.7,OCC_TO_CU
1717488252.1618974,273,16.7,45.8,CU_TO_DEV
1717488252.1626248,273,0.0,45.8,CU_TO_DEV
1717488262.0596404,322,4.4,45.6,OCC_TO_CU
1717488262.0605288,322,0.0,45.6,OCC_TO_CU
1717488262.1677241,273,18.2,45.8,CU_TO_DEV
1717488262.1681814,273,0.0,45.8,CU_TO_DEV
1717488272.073077,322,3.5,45.7,OCC_TO_CU
1717488272.074252,322,0.0,45.7,OCC_TO_CU
1717488272.1736965,273,15.4,45.8,CU_TO_DEV
1717488272.173776,273,15.4,45.8,CU_TO_DEV
1717488282.0650187,322,3.8,45.8,OCC_TO_CU
1717488282.0873513,322,37.5,45.8,OCC_TO_CU
1717488282.1794226,273,25.0,45.9,CU_TO_DEV
1717488282.1793802,273,25.0,45.9,CU_TO_DEV
1717488292.0704064,322,4.4,45.8,OCC_TO_CU
1717488292.0709417,322,0.0,45.8,OCC_TO_CU
1717488292.185007,273,20.0,45.9,CU_TO_DEV
1717488292.186253,273,0.0,45.9,CU_TO_DEV
1717488302.0649703,322,4.7,45.7,OCC_TO_CU
1717488302.0726714,322,33.3,45.7,OCC_TO_CU
1717488302.1930172,273,85.1,45.8,CU_TO_DEV
1717488302.193413,273,0.0,45.8,CU_TO_DEV
1717488312.0707726,322,3.3,45.7,OCC_TO_CU
1717488312.0717654,322,0.0,45.7,OCC_TO_CU
1717488312.197676,273,15.4,45.7,CU_TO_DEV
1717488312.1975436,273,15.4,45.7,CU_TO_DEV
1717488322.0879686,322,3.5,45.7,OCC_TO_CU
1717488322.0891824,322,0.0,45.7,OCC_TO_CU
1717488322.2025244,273,13.3,45.8,CU_TO_DEV
1717488322.202674,273,13.3,45.8,CU_TO_DEV
1717488332.0772905,322,3.8,45.8,OCC_TO_CU
1717488332.078313,322,0.0,45.8,OCC_TO_CU
1717488332.20767,273,11.8,45.9,CU_TO_DEV
1717488332.2079105,273,0.0,45.9,CU_TO_DEV
1717488342.0723686,322,3.5,45.8,OCC_TO_CU
1717488342.0733197,322,100.0,45.8,OCC_TO_CU
1717488342.2124538,273,12.5,45.9,CU_TO_DEV
1717488342.2125366,273,12.5,45.9,CU_TO_DEV
1717488352.084198,322,4.6,45.8,OCC_TO_CU
1717488352.0849423,322,66.7,45.8,OCC_TO_CU
1717488352.2172763,273,76.5,45.9,CU_TO_DEV
1717488352.2174911,273,0.0,45.9,CU_TO_DEV
1717488362.0945632,322,3.9,45.7,OCC_TO_CU
1717488362.095293,322,0.0,45.7,OCC_TO_CU
1717488362.2222462,273,10.2,45.8,CU_TO_DEV
1717488362.2227159,273,0.0,45.8,CU_TO_DEV
1717488372.1090972,322,3.8,45.6,OCC_TO_CU
1717488372.1097443,322,0.0,45.6,OCC_TO_CU
1717488372.2269573,273,13.0,45.7,CU_TO_DEV
1717488372.2269979,273,13.0,45.7,CU_TO_DEV
1717488382.1100085,322,4.3,45.6,OCC_TO_CU
1717488382.11066,322,0.0,45.6,OCC_TO_CU
1717488382.2313714,273,14.6,45.7,CU_TO_DEV
1717488382.232404,273,0.0,45.7,CU_TO_DEV
1717488392.11244,322,3.9,45.7,OCC_TO_CU
1717488392.1140409,322,50.0,45.7,OCC_TO_CU
1717488392.235741,273,10.4,45.8,CU_TO_DEV
1717488392.236035,273,0.0,45.8,CU_TO_DEV
1717488402.1287405,322,4.6,45.6,OCC_TO_CU
1717488402.1294076,322,0.0,45.6,OCC_TO_CU
1717488402.243084,273,18.8,45.7,CU_TO_DEV
1717488402.2433343,273,0.0,45.7,CU_TO_DEV
1717488412.1399624,322,3.8,45.6,OCC_TO_CU
1717488412.140735,322,0.0,45.6,OCC_TO_CU
1717488412.2476711,273,14.3,45.8,CU_TO_DEV
1717488412.2477288,273,14.3,45.8,CU_TO_DEV
1717488422.1472125,322,3.6,45.7,OCC_TO_CU
1717488422.147899,322,0.0,45.7,OCC_TO_CU
1717488422.2523286,273,17.1,45.8,CU_TO_DEV
1717488422.2525027,273,17.1,45.8,CU_TO_DEV
1717488432.162228,322,4.0,45.8,OCC_TO_CU
1717488432.1628711,322,0.0,45.8,OCC_TO_CU
1717488432.2572298,273,18.4,45.9,CU_TO_DEV
1717488432.257626,273,0.0,45.9,CU_TO_DEV
1717488442.187909,322,4.3,45.7,OCC_TO_CU
1717488442.1884265,322,0.0,45.7,OCC_TO_CU
1717488442.2619758,273,19.4,45.9,CU_TO_DEV
1717488442.2619355,273,19.4,45.9,CU_TO_DEV
1717488452.1707172,322,4.9,45.6,OCC_TO_CU
1717488452.1713977,322,0.0,45.6,OCC_TO_CU
1717488452.2666388,273,18.4,45.8,CU_TO_DEV
1717488452.2667158,273,18.4,45.8,CU_TO_DEV
1717488462.1779578,322,4.3,45.6,OCC_TO_CU
1717488462.1790304,322,0.0,45.6,OCC_TO_CU
1717488462.2713292,273,88.9,45.7,CU_TO_DEV
1717488462.271189,273,88.9,45.7,CU_TO_DEV
1717488472.1846356,322,3.8,45.6,OCC_TO_CU
1717488472.1853278,322,0.0,45.6,OCC_TO_CU
1717488472.2758117,273,17.1,45.7,CU_TO_DEV
1717488472.2763011,273,0.0,45.7,CU_TO_DEV
1717488482.2122748,322,3.8,45.6,OCC_TO_CU
1717488482.2131317,322,0.0,45.6,OCC_TO_CU
1717488482.2810552,273,25.9,45.7,CU_TO_DEV
1717488482.2812343,273,25.9,45.7,CU_TO_DEV
1717488492.2278867,322,4.6,45.6,OCC_TO_CU
1717488492.2285466,322,0.0,45.6,OCC_TO_CU
1717488492.2863293,273,21.7,45.7,CU_TO_DEV
1717488492.2862668,273,21.7,45.7,CU_TO_DEV
1717488502.239556,322,3.3,45.6,OCC_TO_CU
1717488502.2402,322,0.0,45.6,OCC_TO_CU
1717488502.2905414,273,22.2,45.8,CU_TO_DEV
1717488502.2909465,273,0.0,45.8,CU_TO_DEV
1717488512.2316384,322,3.6,45.7,OCC_TO_CU
1717488512.2323427,322,0.0,45.7,OCC_TO_CU
1717488512.2953303,273,29.6,45.8,CU_TO_DEV
1717488512.295264,273,29.6,45.8,CU_TO_DEV
1717488522.2515233,322,3.5,45.7,OCC_TO_CU
1717488522.2522264,322,0.0,45.7,OCC_TO_CU
1717488522.3013935,273,35.0,45.9,CU_TO_DEV
1717488522.3013144,273,35.0,45.9,CU_TO_DEV
1717488532.2684207,322,3.3,45.8,OCC_TO_CU
1717488532.2691512,322,0.0,45.8,OCC_TO_CU
1717488532.3061776,273,43.7,45.9,CU_TO_DEV
1717488532.3065577,273,0.0,45.9,CU_TO_DEV
1717488542.2724366,322,4.7,45.7,OCC_TO_CU
1717488542.2731395,322,0.0,45.7,OCC_TO_CU
1717488542.310948,273,35.7,45.8,CU_TO_DEV
1717488542.3154452,273,0.0,45.8,CU_TO_DEV
1717488552.3064983,322,4.2,45.7,OCC_TO_CU
1717488552.3076534,322,0.0,45.7,OCC_TO_CU
1717488552.3154466,273,33.3,45.7,CU_TO_DEV
1717488552.319642,273,50.0,45.7,CU_TO_DEV
1717488562.2874634,322,3.9,45.7,OCC_TO_CU
1717488562.2883673,322,0.0,45.7,OCC_TO_CU
1717488562.3210437,273,38.5,45.8,CU_TO_DEV
1717488562.323397,273,0.0,45.8,CU_TO_DEV
1717488572.2939456,322,4.0,45.7,OCC_TO_CU
1717488572.2947953,322,0.0,45.7,OCC_TO_CU
1717488572.3318095,273,76.5,45.7,CU_TO_DEV
1717488572.3330417,273,100.0,45.7,CU_TO_DEV
1717488582.3171434,322,4.0,45.6,OCC_TO_CU
1717488582.3178139,322,0.0,45.6,OCC_TO_CU
1717488582.336561,273,37.5,45.6,CU_TO_DEV
1717488582.3414314,273,50.0,45.7,CU_TO_DEV
1717488592.3186877,322,4.8,45.5,OCC_TO_CU
1717488592.3286912,322,25.0,45.5,OCC_TO_CU
1717488592.3440845,273,50.0,45.6,CU_TO_DEV
1717488592.348739,273,50.0,45.6,CU_TO_DEV
1717488602.362702,322,3.4,45.6,OCC_TO_CU
1717488602.3784184,322,50.0,45.6,OCC_TO_CU
1717488602.5492778,273,14.7,45.7,CU_TO_DEV
1717488602.5545423,273,0.0,45.7,CU_TO_DEV
1717488612.3447058,322,4.0,45.7,OCC_TO_CU
1717488612.3456197,322,0.0,45.7,OCC_TO_CU
1717488612.3568716,273,40.0,45.7,CU_TO_DEV
1717488612.359585,273,0.0,45.7,CU_TO_DEV
1717488622.3494902,322,3.4,45.7,OCC_TO_CU
1717488622.350743,322,0.0,45.7,OCC_TO_CU
1717488622.3641257,273,50.0,45.7,CU_TO_DEV
1717488622.3647187,273,0.0,45.7,CU_TO_DEV
1717488632.3645759,322,5.6,45.6,OCC_TO_CU
1717488632.365134,322,100.0,45.6,OCC_TO_CU
1717488632.374417,273,25.0,45.6,CU_TO_DEV
1717488632.3741918,273,25.0,45.6,CU_TO_DEV
1717488642.3675041,322,3.9,45.6,OCC_TO_CU
1717488642.368244,322,0.0,45.6,OCC_TO_CU
1717488642.3808267,273,50.0,45.6,CU_TO_DEV
1717488642.3804853,273,50.0,45.6,CU_TO_DEV
1717488652.3830934,322,3.6,45.6,OCC_TO_CU
1717488652.38397,322,0.0,45.6,OCC_TO_CU
1717488652.3863766,273,0.0,45.6,CU_TO_DEV
1717488652.3867624,273,0.0,45.6,CU_TO_DEV
1717488662.397656,322,4.0,45.7,OCC_TO_CU
1717488662.3983254,322,0.0,45.7,OCC_TO_CU
1717488662.591432,273,10.3,45.9,CU_TO_DEV
1717488662.5916731,273,0.0,45.9,CU_TO_DEV
1717488672.4208524,322,3.9,45.7,OCC_TO_CU
1717488672.4215612,322,0.0,45.7,OCC_TO_CU
1717488672.5962176,273,12.5,45.9,CU_TO_DEV
1717488672.5960755,273,12.5,45.9,CU_TO_DEV
1717488682.4292188,322,4.7,45.7,OCC_TO_CU
1717488682.429888,322,0.0,45.7,OCC_TO_CU
1717488682.6054006,273,10.0,45.8,CU_TO_DEV
1717488682.6054544,273,10.0,45.8,CU_TO_DEV
1717488692.437449,322,4.2,45.6,OCC_TO_CU
1717488692.4389682,322,0.0,45.6,OCC_TO_CU
1717488692.610462,273,55.9,45.7,CU_TO_DEV
1717488692.610577,273,55.9,45.7,CU_TO_DEV
1717488702.4361627,322,3.4,45.6,OCC_TO_CU
1717488702.436828,322,0.0,45.6,OCC_TO_CU
1717488702.6146924,273,11.3,45.7,CU_TO_DEV
1717488702.614936,273,0.0,45.7,CU_TO_DEV
1717488712.4434717,322,3.7,45.6,OCC_TO_CU
1717488712.461682,322,85.7,45.6,OCC_TO_CU
1717488712.6193633,273,67.7,45.7,CU_TO_DEV
1717488712.6193254,273,67.7,45.7,CU_TO_DEV
1717488722.4993293,322,3.4,45.6,OCC_TO_CU
1717488722.5010602,322,0.0,45.6,OCC_TO_CU
1717488722.6236665,273,17.6,45.7,CU_TO_DEV
1717488722.624131,273,0.0,45.7,CU_TO_DEV
1717488732.4878662,322,4.6,45.6,OCC_TO_CU
1717488732.4885151,322,0.0,45.6,OCC_TO_CU
1717488732.6287706,273,14.0,45.7,CU_TO_DEV
1717488732.628539,273,12.5,45.7,CU_TO_DEV
1717488742.4985967,322,3.5,45.6,OCC_TO_CU
1717488742.499343,322,0.0,45.6,OCC_TO_CU
1717488742.633547,273,14.5,45.7,CU_TO_DEV
1717488742.6336226,273,14.5,45.7,CU_TO_DEV
1717488752.4890954,322,3.7,45.7,OCC_TO_CU
1717488752.5017226,322,40.0,45.7,OCC_TO_CU
1717488752.6381266,273,20.0,45.8,CU_TO_DEV
1717488752.6382089,273,20.0,45.8,CU_TO_DEV
1717488762.5128343,322,3.7,45.8,OCC_TO_CU
1717488762.5137858,322,0.0,45.8,OCC_TO_CU
1717488762.6423075,273,13.7,45.9,CU_TO_DEV
1717488762.6423824,273,13.7,45.9,CU_TO_DEV
1717488772.5061789,322,5.1,45.7,OCC_TO_CU
1717488772.5069954,322,0.0,45.7,OCC_TO_CU
1717488772.6494389,273,12.1,45.8,CU_TO_DEV
1717488772.6498327,273,0.0,45.8,CU_TO_DEV
1717488782.5217934,322,3.2,45.7,OCC_TO_CU
1717488782.5225723,322,0.0,45.7,OCC_TO_CU
1717488782.6536324,273,11.5,45.8,CU_TO_DEV
1717488782.653793,273,11.5,45.8,CU_TO_DEV
1717488792.536003,322,4.2,45.6,OCC_TO_CU
1717488792.5368426,322,100.0,45.6,OCC_TO_CU
1717488792.65807,273,10.6,45.7,CU_TO_DEV
1717488792.6581454,273,10.6,45.7,CU_TO_DEV
1717488802.5378177,322,4.3,45.6,OCC_TO_CU
1717488802.538552,322,0.0,45.6,OCC_TO_CU
1717488802.6660688,273,11.8,45.7,CU_TO_DEV
1717488802.666152,273,11.8,45.7,CU_TO_DEV
1717488812.5583608,322,3.5,45.6,OCC_TO_CU
1717488812.5594296,322,0.0,45.6,OCC_TO_CU
1717488812.670586,273,17.4,45.8,CU_TO_DEV
1717488812.67105,273,0.0,45.8,CU_TO_DEV
1717488822.5623214,322,4.5,45.6,OCC_TO_CU
1717488822.562856,322,0.0,45.6,OCC_TO_CU
1717488822.6751714,273,13.3,45.7,CU_TO_DEV
1717488822.6753669,273,0.0,45.7,CU_TO_DEV
1717488832.5680568,322,4.3,45.5,OCC_TO_CU
1717488832.585381,322,42.9,45.5,OCC_TO_CU
1717488832.6795719,273,28.9,45.6,CU_TO_DEV
1717488832.6796858,273,28.9,45.6,CU_TO_DEV
1717488842.5879362,322,3.5,45.6,OCC_TO_CU
1717488842.5887794,322,100.0,45.6,OCC_TO_CU
1717488842.6841846,273,18.4,45.7,CU_TO_DEV
1717488842.6847227,273,100.0,45.7,CU_TO_DEV
1717488852.5967898,322,3.8,45.6,OCC_TO_CU
1717488852.597476,322,0.0,45.6,OCC_TO_CU
1717488852.6889343,273,18.9,45.7,CU_TO_DEV
1717488852.6890316,273,18.9,45.7,CU_TO_DEV
1717488862.6084378,322,3.7,45.6,OCC_TO_CU
1717488862.609874,322,50.0,45.6,OCC_TO_CU
1717488862.6935148,273,18.7,45.8,CU_TO_DEV
1717488862.6934698,273,18.7,45.8,CU_TO_DEV
1717488872.6205459,322,4.7,45.6,OCC_TO_CU
1717488872.6213222,322,100.0,45.6,OCC_TO_CU
1717488872.6978166,273,20.7,45.7,CU_TO_DEV
1717488872.6989305,273,0.0,45.7,CU_TO_DEV
1717488882.6206753,322,3.7,45.7,OCC_TO_CU
1717488882.6215184,322,0.0,45.7,OCC_TO_CU
1717488882.7035508,273,16.1,45.8,CU_TO_DEV
1717488882.703806,273,0.0,45.8,CU_TO_DEV
1717488892.6297367,322,4.5,45.6,OCC_TO_CU
1717488892.6312628,322,0.0,45.6,OCC_TO_CU
1717488892.7085006,273,16.7,45.7,CU_TO_DEV
1717488892.7088637,273,100.0,45.7,CU_TO_DEV
1717488902.6423497,322,4.4,45.4,OCC_TO_CU
1717488902.64299,322,0.0,45.4,OCC_TO_CU
1717488902.7133374,273,21.4,45.5,CU_TO_DEV
1717488902.7132554,273,21.4,45.5,CU_TO_DEV
1717488912.6500502,322,3.3,45.4,OCC_TO_CU
1717488912.6542916,322,0.0,45.4,OCC_TO_CU
1717488912.7175744,273,28.0,45.6,CU_TO_DEV
1717488912.718119,273,0.0,45.6,CU_TO_DEV
1717488922.6690717,322,4.5,45.4,OCC_TO_CU
1717488922.6697457,322,0.0,45.4,OCC_TO_CU
1717488922.7228048,273,25.0,45.5,CU_TO_DEV
1717488922.722877,273,25.0,45.5,CU_TO_DEV
1717488932.6766028,322,3.5,45.5,OCC_TO_CU
1717488932.6772742,322,0.0,45.5,OCC_TO_CU
1717488932.7274508,273,31.6,45.6,CU_TO_DEV
1717488932.7279756,273,0.0,45.6,CU_TO_DEV
1717488942.6824317,322,3.7,45.5,OCC_TO_CU
1717488942.689482,322,33.3,45.5,OCC_TO_CU
1717488942.732055,273,62.5,45.6,CU_TO_DEV
1717488942.7329931,273,100.0,45.6,CU_TO_DEV
1717488952.7024746,322,3.8,45.5,OCC_TO_CU
1717488952.7031255,322,0.0,45.5,OCC_TO_CU
1717488952.737345,273,33.3,45.6,CU_TO_DEV
1717488952.7372787,273,33.3,45.6,CU_TO_DEV
1717488962.7055461,322,5.1,45.5,OCC_TO_CU
1717488962.7060666,322,0.0,45.5,OCC_TO_CU
1717488962.742385,273,78.6,45.6,CU_TO_DEV
1717488962.7485487,273,100.0,45.6,CU_TO_DEV
1717488972.7263014,322,4.8,45.4,OCC_TO_CU
1717488972.726819,322,0.0,45.4,OCC_TO_CU
1717488972.7507844,273,45.5,45.4,CU_TO_DEV
1717488972.7557988,273,0.0,45.4,CU_TO_DEV
1717488982.736046,322,3.6,45.4,OCC_TO_CU
1717488982.7391543,322,66.7,45.4,OCC_TO_CU
1717488982.755778,273,33.3,45.4,CU_TO_DEV
1717488982.7595646,273,0.0,45.4,CU_TO_DEV
